"Long"	"Lat"	"cell"
-156.5	71.5	"6504"
-155.5	71.5	"6505"
-162.5	70.5	"6858"
-161.5	70.5	"6859"
-160.5	70.5	"6860"
-159.5	70.5	"6861"
-158.5	70.5	"6862"
-157.5	70.5	"6863"
-156.5	70.5	"6864"
-155.5	70.5	"6865"
-154.5	70.5	"6866"
-153.5	70.5	"6867"
-152.5	70.5	"6868"
-151.5	70.5	"6869"
-150.5	70.5	"6870"
-149.5	70.5	"6871"
-148.5	70.5	"6872"
-147.5	70.5	"6873"
-163.5	69.5	"7217"
-162.5	69.5	"7218"
-161.5	69.5	"7219"
-160.5	69.5	"7220"
-159.5	69.5	"7221"
-158.5	69.5	"7222"
-157.5	69.5	"7223"
-156.5	69.5	"7224"
-155.5	69.5	"7225"
-154.5	69.5	"7226"
-153.5	69.5	"7227"
-152.5	69.5	"7228"
-151.5	69.5	"7229"
-150.5	69.5	"7230"
-149.5	69.5	"7231"
-148.5	69.5	"7232"
-147.5	69.5	"7233"
-146.5	69.5	"7234"
-145.5	69.5	"7235"
-144.5	69.5	"7236"
-143.5	69.5	"7237"
-142.5	69.5	"7238"
-166.5	68.5	"7574"
-165.5	68.5	"7575"
-164.5	68.5	"7576"
-163.5	68.5	"7577"
-162.5	68.5	"7578"
-161.5	68.5	"7579"
-160.5	68.5	"7580"
-159.5	68.5	"7581"
-158.5	68.5	"7582"
-157.5	68.5	"7583"
-156.5	68.5	"7584"
-155.5	68.5	"7585"
-154.5	68.5	"7586"
-153.5	68.5	"7587"
-152.5	68.5	"7588"
-151.5	68.5	"7589"
-150.5	68.5	"7590"
-149.5	68.5	"7591"
-148.5	68.5	"7592"
-147.5	68.5	"7593"
-146.5	68.5	"7594"
-145.5	68.5	"7595"
-144.5	68.5	"7596"
-143.5	68.5	"7597"
-142.5	68.5	"7598"
-164.5	67.5	"7936"
-163.5	67.5	"7937"
-162.5	67.5	"7938"
-161.5	67.5	"7939"
-160.5	67.5	"7940"
-159.5	67.5	"7941"
-158.5	67.5	"7942"
-157.5	67.5	"7943"
-156.5	67.5	"7944"
-155.5	67.5	"7945"
-154.5	67.5	"7946"
-153.5	67.5	"7947"
-152.5	67.5	"7948"
-151.5	67.5	"7949"
-150.5	67.5	"7950"
-149.5	67.5	"7951"
-148.5	67.5	"7952"
-147.5	67.5	"7953"
-146.5	67.5	"7954"
-145.5	67.5	"7955"
-144.5	67.5	"7956"
-143.5	67.5	"7957"
-142.5	67.5	"7958"
-166.5	66.5	"8294"
-165.5	66.5	"8295"
-164.5	66.5	"8296"
-163.5	66.5	"8297"
-162.5	66.5	"8298"
-161.5	66.5	"8299"
-160.5	66.5	"8300"
-159.5	66.5	"8301"
-158.5	66.5	"8302"
-157.5	66.5	"8303"
-156.5	66.5	"8304"
-155.5	66.5	"8305"
-154.5	66.5	"8306"
-153.5	66.5	"8307"
-152.5	66.5	"8308"
-151.5	66.5	"8309"
-150.5	66.5	"8310"
-149.5	66.5	"8311"
-148.5	66.5	"8312"
-147.5	66.5	"8313"
-146.5	66.5	"8314"
-145.5	66.5	"8315"
-144.5	66.5	"8316"
-143.5	66.5	"8317"
-142.5	66.5	"8318"
-141.5	66.5	"8319"
-167.5	65.5	"8653"
-166.5	65.5	"8654"
-165.5	65.5	"8655"
-164.5	65.5	"8656"
-163.5	65.5	"8657"
-162.5	65.5	"8658"
-161.5	65.5	"8659"
-160.5	65.5	"8660"
-159.5	65.5	"8661"
-158.5	65.5	"8662"
-157.5	65.5	"8663"
-156.5	65.5	"8664"
-155.5	65.5	"8665"
-154.5	65.5	"8666"
-153.5	65.5	"8667"
-152.5	65.5	"8668"
-151.5	65.5	"8669"
-150.5	65.5	"8670"
-149.5	65.5	"8671"
-148.5	65.5	"8672"
-147.5	65.5	"8673"
-146.5	65.5	"8674"
-145.5	65.5	"8675"
-144.5	65.5	"8676"
-143.5	65.5	"8677"
-142.5	65.5	"8678"
-141.5	65.5	"8679"
-139.5	65.5	"8681"
-138.5	65.5	"8682"
-166.5	64.5	"9014"
-165.5	64.5	"9015"
-164.5	64.5	"9016"
-162.5	64.5	"9018"
-161.5	64.5	"9019"
-160.5	64.5	"9020"
-159.5	64.5	"9021"
-158.5	64.5	"9022"
-157.5	64.5	"9023"
-156.5	64.5	"9024"
-155.5	64.5	"9025"
-154.5	64.5	"9026"
-153.5	64.5	"9027"
-152.5	64.5	"9028"
-151.5	64.5	"9029"
-150.5	64.5	"9030"
-149.5	64.5	"9031"
-148.5	64.5	"9032"
-147.5	64.5	"9033"
-146.5	64.5	"9034"
-145.5	64.5	"9035"
-144.5	64.5	"9036"
-143.5	64.5	"9037"
-142.5	64.5	"9038"
-141.5	64.5	"9039"
-140.5	64.5	"9040"
-139.5	64.5	"9041"
-138.5	64.5	"9042"
-137.5	64.5	"9043"
-164.5	63.5	"9376"
-163.5	63.5	"9377"
-162.5	63.5	"9378"
-161.5	63.5	"9379"
-160.5	63.5	"9380"
-159.5	63.5	"9381"
-158.5	63.5	"9382"
-157.5	63.5	"9383"
-156.5	63.5	"9384"
-155.5	63.5	"9385"
-154.5	63.5	"9386"
-153.5	63.5	"9387"
-152.5	63.5	"9388"
-151.5	63.5	"9389"
-150.5	63.5	"9390"
-149.5	63.5	"9391"
-148.5	63.5	"9392"
-147.5	63.5	"9393"
-146.5	63.5	"9394"
-145.5	63.5	"9395"
-144.5	63.5	"9396"
-143.5	63.5	"9397"
-142.5	63.5	"9398"
-141.5	63.5	"9399"
-140.5	63.5	"9400"
-139.5	63.5	"9401"
-138.5	63.5	"9402"
-137.5	63.5	"9403"
-124.5	63.5	"9416"
-123.5	63.5	"9417"
-122.5	63.5	"9418"
-121.5	63.5	"9419"
-120.5	63.5	"9420"
-165.5	62.5	"9735"
-164.5	62.5	"9736"
-163.5	62.5	"9737"
-162.5	62.5	"9738"
-161.5	62.5	"9739"
-160.5	62.5	"9740"
-159.5	62.5	"9741"
-158.5	62.5	"9742"
-157.5	62.5	"9743"
-156.5	62.5	"9744"
-155.5	62.5	"9745"
-154.5	62.5	"9746"
-153.5	62.5	"9747"
-152.5	62.5	"9748"
-151.5	62.5	"9749"
-150.5	62.5	"9750"
-149.5	62.5	"9751"
-148.5	62.5	"9752"
-147.5	62.5	"9753"
-146.5	62.5	"9754"
-145.5	62.5	"9755"
-144.5	62.5	"9756"
-143.5	62.5	"9757"
-142.5	62.5	"9758"
-141.5	62.5	"9759"
-140.5	62.5	"9760"
-139.5	62.5	"9761"
-138.5	62.5	"9762"
-137.5	62.5	"9763"
-136.5	62.5	"9764"
-135.5	62.5	"9765"
-134.5	62.5	"9766"
-133.5	62.5	"9767"
-132.5	62.5	"9768"
-131.5	62.5	"9769"
-130.5	62.5	"9770"
-125.5	62.5	"9775"
-124.5	62.5	"9776"
-123.5	62.5	"9777"
-122.5	62.5	"9778"
-121.5	62.5	"9779"
-120.5	62.5	"9780"
-119.5	62.5	"9781"
-118.5	62.5	"9782"
-117.5	62.5	"9783"
-116.5	62.5	"9784"
-115.5	62.5	"9785"
-166.5	61.5	"10094"
-165.5	61.5	"10095"
-164.5	61.5	"10096"
-163.5	61.5	"10097"
-162.5	61.5	"10098"
-161.5	61.5	"10099"
-160.5	61.5	"10100"
-159.5	61.5	"10101"
-158.5	61.5	"10102"
-155.5	61.5	"10105"
-154.5	61.5	"10106"
-153.5	61.5	"10107"
-152.5	61.5	"10108"
-151.5	61.5	"10109"
-150.5	61.5	"10110"
-149.5	61.5	"10111"
-148.5	61.5	"10112"
-147.5	61.5	"10113"
-146.5	61.5	"10114"
-145.5	61.5	"10115"
-144.5	61.5	"10116"
-143.5	61.5	"10117"
-142.5	61.5	"10118"
-141.5	61.5	"10119"
-140.5	61.5	"10120"
-139.5	61.5	"10121"
-138.5	61.5	"10122"
-137.5	61.5	"10123"
-136.5	61.5	"10124"
-135.5	61.5	"10125"
-134.5	61.5	"10126"
-133.5	61.5	"10127"
-132.5	61.5	"10128"
-129.5	61.5	"10131"
-128.5	61.5	"10132"
-127.5	61.5	"10133"
-126.5	61.5	"10134"
-125.5	61.5	"10135"
-124.5	61.5	"10136"
-123.5	61.5	"10137"
-122.5	61.5	"10138"
-121.5	61.5	"10139"
-120.5	61.5	"10140"
-119.5	61.5	"10141"
-118.5	61.5	"10142"
-117.5	61.5	"10143"
-116.5	61.5	"10144"
-115.5	61.5	"10145"
-114.5	61.5	"10146"
-113.5	61.5	"10147"
-112.5	61.5	"10148"
-153.5	60.5	"10467"
-152.5	60.5	"10468"
-151.5	60.5	"10469"
-150.5	60.5	"10470"
-149.5	60.5	"10471"
-148.5	60.5	"10472"
-147.5	60.5	"10473"
-146.5	60.5	"10474"
-145.5	60.5	"10475"
-144.5	60.5	"10476"
-143.5	60.5	"10477"
-142.5	60.5	"10478"
-141.5	60.5	"10479"
-140.5	60.5	"10480"
-139.5	60.5	"10481"
-138.5	60.5	"10482"
-137.5	60.5	"10483"
-136.5	60.5	"10484"
-135.5	60.5	"10485"
-134.5	60.5	"10486"
-133.5	60.5	"10487"
-132.5	60.5	"10488"
-131.5	60.5	"10489"
-130.5	60.5	"10490"
-129.5	60.5	"10491"
-128.5	60.5	"10492"
-127.5	60.5	"10493"
-126.5	60.5	"10494"
-125.5	60.5	"10495"
-124.5	60.5	"10496"
-123.5	60.5	"10497"
-122.5	60.5	"10498"
-121.5	60.5	"10499"
-120.5	60.5	"10500"
-119.5	60.5	"10501"
-118.5	60.5	"10502"
-117.5	60.5	"10503"
-116.5	60.5	"10504"
-115.5	60.5	"10505"
-114.5	60.5	"10506"
-113.5	60.5	"10507"
-112.5	60.5	"10508"
-111.5	60.5	"10509"
-110.5	60.5	"10510"
-109.5	60.5	"10511"
-108.5	60.5	"10512"
-154.5	59.5	"10826"
-153.5	59.5	"10827"
-151.5	59.5	"10829"
-150.5	59.5	"10830"
-139.5	59.5	"10841"
-138.5	59.5	"10842"
-137.5	59.5	"10843"
-136.5	59.5	"10844"
-135.5	59.5	"10845"
-134.5	59.5	"10846"
-133.5	59.5	"10847"
-132.5	59.5	"10848"
-131.5	59.5	"10849"
-130.5	59.5	"10850"
-129.5	59.5	"10851"
-128.5	59.5	"10852"
-127.5	59.5	"10853"
-126.5	59.5	"10854"
-125.5	59.5	"10855"
-124.5	59.5	"10856"
-123.5	59.5	"10857"
-122.5	59.5	"10858"
-121.5	59.5	"10859"
-120.5	59.5	"10860"
-119.5	59.5	"10861"
-118.5	59.5	"10862"
-117.5	59.5	"10863"
-116.5	59.5	"10864"
-115.5	59.5	"10865"
-114.5	59.5	"10866"
-113.5	59.5	"10867"
-112.5	59.5	"10868"
-111.5	59.5	"10869"
-110.5	59.5	"10870"
-109.5	59.5	"10871"
-108.5	59.5	"10872"
-107.5	59.5	"10873"
-106.5	59.5	"10874"
-105.5	59.5	"10875"
-155.5	58.5	"11185"
-154.5	58.5	"11186"
-153.5	58.5	"11187"
-137.5	58.5	"11203"
-136.5	58.5	"11204"
-135.5	58.5	"11205"
-134.5	58.5	"11206"
-133.5	58.5	"11207"
-132.5	58.5	"11208"
-131.5	58.5	"11209"
-130.5	58.5	"11210"
-129.5	58.5	"11211"
-128.5	58.5	"11212"
-127.5	58.5	"11213"
-126.5	58.5	"11214"
-125.5	58.5	"11215"
-124.5	58.5	"11216"
-123.5	58.5	"11217"
-122.5	58.5	"11218"
-121.5	58.5	"11219"
-120.5	58.5	"11220"
-119.5	58.5	"11221"
-118.5	58.5	"11222"
-117.5	58.5	"11223"
-116.5	58.5	"11224"
-115.5	58.5	"11225"
-114.5	58.5	"11226"
-113.5	58.5	"11227"
-112.5	58.5	"11228"
-111.5	58.5	"11229"
-110.5	58.5	"11230"
-109.5	58.5	"11231"
-108.5	58.5	"11232"
-107.5	58.5	"11233"
-106.5	58.5	"11234"
-105.5	58.5	"11235"
-104.5	58.5	"11236"
-103.5	58.5	"11237"
-102.5	58.5	"11238"
-101.5	58.5	"11239"
-155.5	57.5	"11545"
-133.5	57.5	"11567"
-132.5	57.5	"11568"
-131.5	57.5	"11569"
-130.5	57.5	"11570"
-129.5	57.5	"11571"
-128.5	57.5	"11572"
-127.5	57.5	"11573"
-126.5	57.5	"11574"
-125.5	57.5	"11575"
-124.5	57.5	"11576"
-123.5	57.5	"11577"
-122.5	57.5	"11578"
-121.5	57.5	"11579"
-120.5	57.5	"11580"
-119.5	57.5	"11581"
-118.5	57.5	"11582"
-117.5	57.5	"11583"
-116.5	57.5	"11584"
-115.5	57.5	"11585"
-114.5	57.5	"11586"
-113.5	57.5	"11587"
-112.5	57.5	"11588"
-111.5	57.5	"11589"
-110.5	57.5	"11590"
-109.5	57.5	"11591"
-108.5	57.5	"11592"
-107.5	57.5	"11593"
-106.5	57.5	"11594"
-105.5	57.5	"11595"
-104.5	57.5	"11596"
-103.5	57.5	"11597"
-102.5	57.5	"11598"
-101.5	57.5	"11599"
-100.5	57.5	"11600"
-99.5	57.5	"11601"
-98.5	57.5	"11602"
-97.5	57.5	"11603"
-96.5	57.5	"11604"
-95.5	57.5	"11605"
-94.5	57.5	"11606"
-93.5	57.5	"11607"
-92.5	57.5	"11608"
-132.5	56.5	"11928"
-131.5	56.5	"11929"
-130.5	56.5	"11930"
-129.5	56.5	"11931"
-128.5	56.5	"11932"
-127.5	56.5	"11933"
-126.5	56.5	"11934"
-125.5	56.5	"11935"
-124.5	56.5	"11936"
-123.5	56.5	"11937"
-122.5	56.5	"11938"
-121.5	56.5	"11939"
-120.5	56.5	"11940"
-119.5	56.5	"11941"
-118.5	56.5	"11942"
-117.5	56.5	"11943"
-116.5	56.5	"11944"
-115.5	56.5	"11945"
-114.5	56.5	"11946"
-113.5	56.5	"11947"
-112.5	56.5	"11948"
-111.5	56.5	"11949"
-110.5	56.5	"11950"
-109.5	56.5	"11951"
-108.5	56.5	"11952"
-107.5	56.5	"11953"
-106.5	56.5	"11954"
-105.5	56.5	"11955"
-104.5	56.5	"11956"
-103.5	56.5	"11957"
-102.5	56.5	"11958"
-101.5	56.5	"11959"
-100.5	56.5	"11960"
-99.5	56.5	"11961"
-98.5	56.5	"11962"
-97.5	56.5	"11963"
-96.5	56.5	"11964"
-95.5	56.5	"11965"
-94.5	56.5	"11966"
-93.5	56.5	"11967"
-92.5	56.5	"11968"
-91.5	56.5	"11969"
-90.5	56.5	"11970"
-89.5	56.5	"11971"
-88.5	56.5	"11972"
-87.5	56.5	"11973"
-130.5	55.5	"12290"
-129.5	55.5	"12291"
-128.5	55.5	"12292"
-127.5	55.5	"12293"
-126.5	55.5	"12294"
-125.5	55.5	"12295"
-124.5	55.5	"12296"
-123.5	55.5	"12297"
-122.5	55.5	"12298"
-121.5	55.5	"12299"
-120.5	55.5	"12300"
-119.5	55.5	"12301"
-118.5	55.5	"12302"
-117.5	55.5	"12303"
-116.5	55.5	"12304"
-115.5	55.5	"12305"
-114.5	55.5	"12306"
-113.5	55.5	"12307"
-112.5	55.5	"12308"
-111.5	55.5	"12309"
-110.5	55.5	"12310"
-109.5	55.5	"12311"
-108.5	55.5	"12312"
-107.5	55.5	"12313"
-106.5	55.5	"12314"
-105.5	55.5	"12315"
-104.5	55.5	"12316"
-103.5	55.5	"12317"
-102.5	55.5	"12318"
-101.5	55.5	"12319"
-100.5	55.5	"12320"
-99.5	55.5	"12321"
-98.5	55.5	"12322"
-97.5	55.5	"12323"
-96.5	55.5	"12324"
-95.5	55.5	"12325"
-94.5	55.5	"12326"
-93.5	55.5	"12327"
-92.5	55.5	"12328"
-91.5	55.5	"12329"
-90.5	55.5	"12330"
-89.5	55.5	"12331"
-88.5	55.5	"12332"
-87.5	55.5	"12333"
-86.5	55.5	"12334"
-85.5	55.5	"12335"
-84.5	55.5	"12336"
-83.5	55.5	"12337"
-82.5	55.5	"12338"
-130.5	54.5	"12650"
-129.5	54.5	"12651"
-128.5	54.5	"12652"
-127.5	54.5	"12653"
-126.5	54.5	"12654"
-125.5	54.5	"12655"
-124.5	54.5	"12656"
-123.5	54.5	"12657"
-122.5	54.5	"12658"
-121.5	54.5	"12659"
-120.5	54.5	"12660"
-119.5	54.5	"12661"
-118.5	54.5	"12662"
-117.5	54.5	"12663"
-116.5	54.5	"12664"
-115.5	54.5	"12665"
-114.5	54.5	"12666"
-113.5	54.5	"12667"
-112.5	54.5	"12668"
-111.5	54.5	"12669"
-110.5	54.5	"12670"
-109.5	54.5	"12671"
-108.5	54.5	"12672"
-107.5	54.5	"12673"
-106.5	54.5	"12674"
-105.5	54.5	"12675"
-104.5	54.5	"12676"
-103.5	54.5	"12677"
-102.5	54.5	"12678"
-101.5	54.5	"12679"
-100.5	54.5	"12680"
-99.5	54.5	"12681"
-98.5	54.5	"12682"
-97.5	54.5	"12683"
-96.5	54.5	"12684"
-95.5	54.5	"12685"
-94.5	54.5	"12686"
-93.5	54.5	"12687"
-92.5	54.5	"12688"
-91.5	54.5	"12689"
-90.5	54.5	"12690"
-89.5	54.5	"12691"
-88.5	54.5	"12692"
-87.5	54.5	"12693"
-86.5	54.5	"12694"
-85.5	54.5	"12695"
-84.5	54.5	"12696"
-83.5	54.5	"12697"
-82.5	54.5	"12698"
-129.5	53.5	"13011"
-128.5	53.5	"13012"
-127.5	53.5	"13013"
-126.5	53.5	"13014"
-125.5	53.5	"13015"
-124.5	53.5	"13016"
-123.5	53.5	"13017"
-122.5	53.5	"13018"
-121.5	53.5	"13019"
-120.5	53.5	"13020"
-119.5	53.5	"13021"
-118.5	53.5	"13022"
-117.5	53.5	"13023"
-116.5	53.5	"13024"
-115.5	53.5	"13025"
-114.5	53.5	"13026"
-113.5	53.5	"13027"
-112.5	53.5	"13028"
-111.5	53.5	"13029"
-110.5	53.5	"13030"
-109.5	53.5	"13031"
-108.5	53.5	"13032"
-107.5	53.5	"13033"
-106.5	53.5	"13034"
-105.5	53.5	"13035"
-104.5	53.5	"13036"
-103.5	53.5	"13037"
-102.5	53.5	"13038"
-101.5	53.5	"13039"
-100.5	53.5	"13040"
-99.5	53.5	"13041"
-98.5	53.5	"13042"
-97.5	53.5	"13043"
-96.5	53.5	"13044"
-95.5	53.5	"13045"
-94.5	53.5	"13046"
-93.5	53.5	"13047"
-92.5	53.5	"13048"
-91.5	53.5	"13049"
-90.5	53.5	"13050"
-89.5	53.5	"13051"
-88.5	53.5	"13052"
-87.5	53.5	"13053"
-86.5	53.5	"13054"
-85.5	53.5	"13055"
-84.5	53.5	"13056"
-83.5	53.5	"13057"
-82.5	53.5	"13058"
-128.5	52.5	"13372"
-127.5	52.5	"13373"
-126.5	52.5	"13374"
-125.5	52.5	"13375"
-124.5	52.5	"13376"
-123.5	52.5	"13377"
-122.5	52.5	"13378"
-121.5	52.5	"13379"
-120.5	52.5	"13380"
-119.5	52.5	"13381"
-118.5	52.5	"13382"
-117.5	52.5	"13383"
-116.5	52.5	"13384"
-115.5	52.5	"13385"
-114.5	52.5	"13386"
-113.5	52.5	"13387"
-112.5	52.5	"13388"
-111.5	52.5	"13389"
-110.5	52.5	"13390"
-109.5	52.5	"13391"
-108.5	52.5	"13392"
-107.5	52.5	"13393"
-106.5	52.5	"13394"
-105.5	52.5	"13395"
-104.5	52.5	"13396"
-103.5	52.5	"13397"
-102.5	52.5	"13398"
-101.5	52.5	"13399"
-100.5	52.5	"13400"
-99.5	52.5	"13401"
-98.5	52.5	"13402"
-97.5	52.5	"13403"
-96.5	52.5	"13404"
-95.5	52.5	"13405"
-94.5	52.5	"13406"
-93.5	52.5	"13407"
-92.5	52.5	"13408"
-91.5	52.5	"13409"
-90.5	52.5	"13410"
-89.5	52.5	"13411"
-88.5	52.5	"13412"
-87.5	52.5	"13413"
-86.5	52.5	"13414"
-85.5	52.5	"13415"
-84.5	52.5	"13416"
-83.5	52.5	"13417"
-82.5	52.5	"13418"
-127.5	51.5	"13733"
-126.5	51.5	"13734"
-125.5	51.5	"13735"
-124.5	51.5	"13736"
-123.5	51.5	"13737"
-122.5	51.5	"13738"
-121.5	51.5	"13739"
-120.5	51.5	"13740"
-119.5	51.5	"13741"
-118.5	51.5	"13742"
-117.5	51.5	"13743"
-116.5	51.5	"13744"
-115.5	51.5	"13745"
-114.5	51.5	"13746"
-113.5	51.5	"13747"
-112.5	51.5	"13748"
-111.5	51.5	"13749"
-110.5	51.5	"13750"
-109.5	51.5	"13751"
-108.5	51.5	"13752"
-107.5	51.5	"13753"
-106.5	51.5	"13754"
-105.5	51.5	"13755"
-104.5	51.5	"13756"
-103.5	51.5	"13757"
-102.5	51.5	"13758"
-101.5	51.5	"13759"
-100.5	51.5	"13760"
-99.5	51.5	"13761"
-98.5	51.5	"13762"
-97.5	51.5	"13763"
-96.5	51.5	"13764"
-95.5	51.5	"13765"
-94.5	51.5	"13766"
-93.5	51.5	"13767"
-92.5	51.5	"13768"
-91.5	51.5	"13769"
-90.5	51.5	"13770"
-89.5	51.5	"13771"
-88.5	51.5	"13772"
-87.5	51.5	"13773"
-86.5	51.5	"13774"
-85.5	51.5	"13775"
-84.5	51.5	"13776"
-83.5	51.5	"13777"
-82.5	51.5	"13778"
-81.5	51.5	"13779"
-80.5	51.5	"13780"
-79.5	51.5	"13781"
-78.5	51.5	"13782"
-77.5	51.5	"13783"
-76.5	51.5	"13784"
-75.5	51.5	"13785"
-74.5	51.5	"13786"
-125.5	50.5	"14095"
-124.5	50.5	"14096"
-123.5	50.5	"14097"
-122.5	50.5	"14098"
-121.5	50.5	"14099"
-120.5	50.5	"14100"
-119.5	50.5	"14101"
-118.5	50.5	"14102"
-117.5	50.5	"14103"
-116.5	50.5	"14104"
-115.5	50.5	"14105"
-114.5	50.5	"14106"
-113.5	50.5	"14107"
-112.5	50.5	"14108"
-111.5	50.5	"14109"
-110.5	50.5	"14110"
-109.5	50.5	"14111"
-108.5	50.5	"14112"
-107.5	50.5	"14113"
-106.5	50.5	"14114"
-105.5	50.5	"14115"
-104.5	50.5	"14116"
-103.5	50.5	"14117"
-102.5	50.5	"14118"
-101.5	50.5	"14119"
-100.5	50.5	"14120"
-99.5	50.5	"14121"
-98.5	50.5	"14122"
-97.5	50.5	"14123"
-96.5	50.5	"14124"
-95.5	50.5	"14125"
-94.5	50.5	"14126"
-93.5	50.5	"14127"
-92.5	50.5	"14128"
-91.5	50.5	"14129"
-90.5	50.5	"14130"
-89.5	50.5	"14131"
-88.5	50.5	"14132"
-87.5	50.5	"14133"
-86.5	50.5	"14134"
-85.5	50.5	"14135"
-84.5	50.5	"14136"
-83.5	50.5	"14137"
-82.5	50.5	"14138"
-81.5	50.5	"14139"
-80.5	50.5	"14140"
-79.5	50.5	"14141"
-78.5	50.5	"14142"
-77.5	50.5	"14143"
-76.5	50.5	"14144"
-75.5	50.5	"14145"
-74.5	50.5	"14146"
-73.5	50.5	"14147"
-72.5	50.5	"14148"
-71.5	50.5	"14149"
-70.5	50.5	"14150"
-123.5	49.5	"14457"
-122.5	49.5	"14458"
-121.5	49.5	"14459"
-120.5	49.5	"14460"
-119.5	49.5	"14461"
-118.5	49.5	"14462"
-117.5	49.5	"14463"
-116.5	49.5	"14464"
-115.5	49.5	"14465"
-114.5	49.5	"14466"
-113.5	49.5	"14467"
-112.5	49.5	"14468"
-111.5	49.5	"14469"
-110.5	49.5	"14470"
-109.5	49.5	"14471"
-108.5	49.5	"14472"
-107.5	49.5	"14473"
-106.5	49.5	"14474"
-105.5	49.5	"14475"
-104.5	49.5	"14476"
-103.5	49.5	"14477"
-102.5	49.5	"14478"
-101.5	49.5	"14479"
-100.5	49.5	"14480"
-99.5	49.5	"14481"
-98.5	49.5	"14482"
-97.5	49.5	"14483"
-96.5	49.5	"14484"
-95.5	49.5	"14485"
-94.5	49.5	"14486"
-93.5	49.5	"14487"
-92.5	49.5	"14488"
-91.5	49.5	"14489"
-90.5	49.5	"14490"
-89.5	49.5	"14491"
-88.5	49.5	"14492"
-87.5	49.5	"14493"
-86.5	49.5	"14494"
-85.5	49.5	"14495"
-84.5	49.5	"14496"
-83.5	49.5	"14497"
-82.5	49.5	"14498"
-81.5	49.5	"14499"
-80.5	49.5	"14500"
-79.5	49.5	"14501"
-78.5	49.5	"14502"
-77.5	49.5	"14503"
-76.5	49.5	"14504"
-75.5	49.5	"14505"
-74.5	49.5	"14506"
-73.5	49.5	"14507"
-72.5	49.5	"14508"
-71.5	49.5	"14509"
-70.5	49.5	"14510"
-69.5	49.5	"14511"
-68.5	49.5	"14512"
-67.5	49.5	"14513"
-66.5	49.5	"14514"
-65.5	49.5	"14515"
-122.5	48.5	"14818"
-121.5	48.5	"14819"
-120.5	48.5	"14820"
-119.5	48.5	"14821"
-118.5	48.5	"14822"
-117.5	48.5	"14823"
-116.5	48.5	"14824"
-115.5	48.5	"14825"
-114.5	48.5	"14826"
-113.5	48.5	"14827"
-112.5	48.5	"14828"
-111.5	48.5	"14829"
-110.5	48.5	"14830"
-109.5	48.5	"14831"
-108.5	48.5	"14832"
-107.5	48.5	"14833"
-106.5	48.5	"14834"
-105.5	48.5	"14835"
-104.5	48.5	"14836"
-103.5	48.5	"14837"
-102.5	48.5	"14838"
-101.5	48.5	"14839"
-100.5	48.5	"14840"
-99.5	48.5	"14841"
-98.5	48.5	"14842"
-97.5	48.5	"14843"
-96.5	48.5	"14844"
-95.5	48.5	"14845"
-94.5	48.5	"14846"
-93.5	48.5	"14847"
-92.5	48.5	"14848"
-91.5	48.5	"14849"
-90.5	48.5	"14850"
-89.5	48.5	"14851"
-88.5	48.5	"14852"
-87.5	48.5	"14853"
-86.5	48.5	"14854"
-85.5	48.5	"14855"
-84.5	48.5	"14856"
-83.5	48.5	"14857"
-82.5	48.5	"14858"
-81.5	48.5	"14859"
-80.5	48.5	"14860"
-79.5	48.5	"14861"
-78.5	48.5	"14862"
-77.5	48.5	"14863"
-76.5	48.5	"14864"
-75.5	48.5	"14865"
-74.5	48.5	"14866"
-73.5	48.5	"14867"
-72.5	48.5	"14868"
-71.5	48.5	"14869"
-70.5	48.5	"14870"
-69.5	48.5	"14871"
-68.5	48.5	"14872"
-67.5	48.5	"14873"
-66.5	48.5	"14874"
-65.5	48.5	"14875"
-64.5	48.5	"14876"
-124.5	47.5	"15176"
-123.5	47.5	"15177"
-122.5	47.5	"15178"
-121.5	47.5	"15179"
-120.5	47.5	"15180"
-119.5	47.5	"15181"
-118.5	47.5	"15182"
-117.5	47.5	"15183"
-116.5	47.5	"15184"
-115.5	47.5	"15185"
-114.5	47.5	"15186"
-113.5	47.5	"15187"
-112.5	47.5	"15188"
-111.5	47.5	"15189"
-110.5	47.5	"15190"
-109.5	47.5	"15191"
-108.5	47.5	"15192"
-107.5	47.5	"15193"
-106.5	47.5	"15194"
-105.5	47.5	"15195"
-104.5	47.5	"15196"
-103.5	47.5	"15197"
-102.5	47.5	"15198"
-101.5	47.5	"15199"
-100.5	47.5	"15200"
-99.5	47.5	"15201"
-98.5	47.5	"15202"
-97.5	47.5	"15203"
-96.5	47.5	"15204"
-95.5	47.5	"15205"
-94.5	47.5	"15206"
-93.5	47.5	"15207"
-92.5	47.5	"15208"
-91.5	47.5	"15209"
-90.5	47.5	"15210"
-89.5	47.5	"15211"
-88.5	47.5	"15212"
-85.5	47.5	"15215"
-84.5	47.5	"15216"
-83.5	47.5	"15217"
-82.5	47.5	"15218"
-81.5	47.5	"15219"
-80.5	47.5	"15220"
-79.5	47.5	"15221"
-78.5	47.5	"15222"
-77.5	47.5	"15223"
-76.5	47.5	"15224"
-75.5	47.5	"15225"
-74.5	47.5	"15226"
-73.5	47.5	"15227"
-72.5	47.5	"15228"
-71.5	47.5	"15229"
-70.5	47.5	"15230"
-69.5	47.5	"15231"
-68.5	47.5	"15232"
-67.5	47.5	"15233"
-66.5	47.5	"15234"
-65.5	47.5	"15235"
-64.5	47.5	"15236"
-124.5	46.5	"15536"
-123.5	46.5	"15537"
-122.5	46.5	"15538"
-121.5	46.5	"15539"
-120.5	46.5	"15540"
-119.5	46.5	"15541"
-118.5	46.5	"15542"
-117.5	46.5	"15543"
-116.5	46.5	"15544"
-115.5	46.5	"15545"
-114.5	46.5	"15546"
-113.5	46.5	"15547"
-112.5	46.5	"15548"
-111.5	46.5	"15549"
-110.5	46.5	"15550"
-109.5	46.5	"15551"
-108.5	46.5	"15552"
-107.5	46.5	"15553"
-106.5	46.5	"15554"
-105.5	46.5	"15555"
-104.5	46.5	"15556"
-103.5	46.5	"15557"
-102.5	46.5	"15558"
-101.5	46.5	"15559"
-100.5	46.5	"15560"
-99.5	46.5	"15561"
-98.5	46.5	"15562"
-97.5	46.5	"15563"
-96.5	46.5	"15564"
-95.5	46.5	"15565"
-94.5	46.5	"15566"
-93.5	46.5	"15567"
-92.5	46.5	"15568"
-91.5	46.5	"15569"
-90.5	46.5	"15570"
-89.5	46.5	"15571"
-88.5	46.5	"15572"
-87.5	46.5	"15573"
-85.5	46.5	"15575"
-84.5	46.5	"15576"
-83.5	46.5	"15577"
-82.5	46.5	"15578"
-81.5	46.5	"15579"
-80.5	46.5	"15580"
-79.5	46.5	"15581"
-78.5	46.5	"15582"
-77.5	46.5	"15583"
-76.5	46.5	"15584"
-75.5	46.5	"15585"
-74.5	46.5	"15586"
-73.5	46.5	"15587"
-72.5	46.5	"15588"
-71.5	46.5	"15589"
-70.5	46.5	"15590"
-69.5	46.5	"15591"
-68.5	46.5	"15592"
-67.5	46.5	"15593"
-66.5	46.5	"15594"
-65.5	46.5	"15595"
-64.5	46.5	"15596"
-123.5	45.5	"15897"
-122.5	45.5	"15898"
-121.5	45.5	"15899"
-120.5	45.5	"15900"
-119.5	45.5	"15901"
-118.5	45.5	"15902"
-117.5	45.5	"15903"
-116.5	45.5	"15904"
-115.5	45.5	"15905"
-114.5	45.5	"15906"
-113.5	45.5	"15907"
-112.5	45.5	"15908"
-111.5	45.5	"15909"
-110.5	45.5	"15910"
-109.5	45.5	"15911"
-108.5	45.5	"15912"
-107.5	45.5	"15913"
-106.5	45.5	"15914"
-105.5	45.5	"15915"
-104.5	45.5	"15916"
-103.5	45.5	"15917"
-102.5	45.5	"15918"
-101.5	45.5	"15919"
-100.5	45.5	"15920"
-99.5	45.5	"15921"
-98.5	45.5	"15922"
-97.5	45.5	"15923"
-96.5	45.5	"15924"
-95.5	45.5	"15925"
-94.5	45.5	"15926"
-93.5	45.5	"15927"
-92.5	45.5	"15928"
-91.5	45.5	"15929"
-90.5	45.5	"15930"
-89.5	45.5	"15931"
-88.5	45.5	"15932"
-87.5	45.5	"15933"
-85.5	45.5	"15935"
-84.5	45.5	"15936"
-83.5	45.5	"15937"
-82.5	45.5	"15938"
-81.5	45.5	"15939"
-80.5	45.5	"15940"
-79.5	45.5	"15941"
-78.5	45.5	"15942"
-77.5	45.5	"15943"
-76.5	45.5	"15944"
-75.5	45.5	"15945"
-74.5	45.5	"15946"
-73.5	45.5	"15947"
-72.5	45.5	"15948"
-71.5	45.5	"15949"
-70.5	45.5	"15950"
-69.5	45.5	"15951"
-68.5	45.5	"15952"
-67.5	45.5	"15953"
-66.5	45.5	"15954"
-65.5	45.5	"15955"
-64.5	45.5	"15956"
-63.5	45.5	"15957"
-62.5	45.5	"15958"
-61.5	45.5	"15959"
-124.5	44.5	"16256"
-123.5	44.5	"16257"
-122.5	44.5	"16258"
-121.5	44.5	"16259"
-120.5	44.5	"16260"
-119.5	44.5	"16261"
-118.5	44.5	"16262"
-117.5	44.5	"16263"
-116.5	44.5	"16264"
-115.5	44.5	"16265"
-114.5	44.5	"16266"
-113.5	44.5	"16267"
-112.5	44.5	"16268"
-111.5	44.5	"16269"
-110.5	44.5	"16270"
-109.5	44.5	"16271"
-108.5	44.5	"16272"
-107.5	44.5	"16273"
-106.5	44.5	"16274"
-105.5	44.5	"16275"
-104.5	44.5	"16276"
-103.5	44.5	"16277"
-102.5	44.5	"16278"
-101.5	44.5	"16279"
-100.5	44.5	"16280"
-99.5	44.5	"16281"
-98.5	44.5	"16282"
-97.5	44.5	"16283"
-96.5	44.5	"16284"
-95.5	44.5	"16285"
-94.5	44.5	"16286"
-93.5	44.5	"16287"
-92.5	44.5	"16288"
-91.5	44.5	"16289"
-90.5	44.5	"16290"
-89.5	44.5	"16291"
-88.5	44.5	"16292"
-85.5	44.5	"16295"
-84.5	44.5	"16296"
-83.5	44.5	"16297"
-80.5	44.5	"16300"
-79.5	44.5	"16301"
-78.5	44.5	"16302"
-77.5	44.5	"16303"
-76.5	44.5	"16304"
-75.5	44.5	"16305"
-74.5	44.5	"16306"
-73.5	44.5	"16307"
-72.5	44.5	"16308"
-71.5	44.5	"16309"
-70.5	44.5	"16310"
-69.5	44.5	"16311"
-68.5	44.5	"16312"
-67.5	44.5	"16313"
-66.5	44.5	"16314"
-65.5	44.5	"16315"
-64.5	44.5	"16316"
-63.5	44.5	"16317"
-62.5	44.5	"16318"
-124.5	43.5	"16616"
-123.5	43.5	"16617"
-122.5	43.5	"16618"
-121.5	43.5	"16619"
-120.5	43.5	"16620"
-119.5	43.5	"16621"
-118.5	43.5	"16622"
-117.5	43.5	"16623"
-116.5	43.5	"16624"
-115.5	43.5	"16625"
-114.5	43.5	"16626"
-113.5	43.5	"16627"
-112.5	43.5	"16628"
-111.5	43.5	"16629"
-110.5	43.5	"16630"
-109.5	43.5	"16631"
-108.5	43.5	"16632"
-107.5	43.5	"16633"
-106.5	43.5	"16634"
-105.5	43.5	"16635"
-104.5	43.5	"16636"
-103.5	43.5	"16637"
-102.5	43.5	"16638"
-101.5	43.5	"16639"
-98.5	43.5	"16642"
-97.5	43.5	"16643"
-96.5	43.5	"16644"
-95.5	43.5	"16645"
-94.5	43.5	"16646"
-93.5	43.5	"16647"
-92.5	43.5	"16648"
-91.5	43.5	"16649"
-90.5	43.5	"16650"
-89.5	43.5	"16651"
-88.5	43.5	"16652"
-87.5	43.5	"16653"
-86.5	43.5	"16654"
-85.5	43.5	"16655"
-84.5	43.5	"16656"
-83.5	43.5	"16657"
-81.5	43.5	"16659"
-80.5	43.5	"16660"
-79.5	43.5	"16661"
-78.5	43.5	"16662"
-77.5	43.5	"16663"
-76.5	43.5	"16664"
-75.5	43.5	"16665"
-74.5	43.5	"16666"
-73.5	43.5	"16667"
-72.5	43.5	"16668"
-71.5	43.5	"16669"
-70.5	43.5	"16670"
-65.5	43.5	"16675"
-64.5	43.5	"16676"
-124.5	42.5	"16976"
-123.5	42.5	"16977"
-122.5	42.5	"16978"
-121.5	42.5	"16979"
-120.5	42.5	"16980"
-119.5	42.5	"16981"
-118.5	42.5	"16982"
-117.5	42.5	"16983"
-116.5	42.5	"16984"
-115.5	42.5	"16985"
-114.5	42.5	"16986"
-113.5	42.5	"16987"
-112.5	42.5	"16988"
-111.5	42.5	"16989"
-110.5	42.5	"16990"
-109.5	42.5	"16991"
-108.5	42.5	"16992"
-107.5	42.5	"16993"
-106.5	42.5	"16994"
-105.5	42.5	"16995"
-104.5	42.5	"16996"
-103.5	42.5	"16997"
-102.5	42.5	"16998"
-101.5	42.5	"16999"
-98.5	42.5	"17002"
-97.5	42.5	"17003"
-96.5	42.5	"17004"
-95.5	42.5	"17005"
-94.5	42.5	"17006"
-93.5	42.5	"17007"
-92.5	42.5	"17008"
-91.5	42.5	"17009"
-90.5	42.5	"17010"
-89.5	42.5	"17011"
-88.5	42.5	"17012"
-87.5	42.5	"17013"
-86.5	42.5	"17014"
-85.5	42.5	"17015"
-84.5	42.5	"17016"
-83.5	42.5	"17017"
-82.5	42.5	"17018"
-81.5	42.5	"17019"
-80.5	42.5	"17020"
-79.5	42.5	"17021"
-78.5	42.5	"17022"
-77.5	42.5	"17023"
-76.5	42.5	"17024"
-75.5	42.5	"17025"
-74.5	42.5	"17026"
-73.5	42.5	"17027"
-72.5	42.5	"17028"
-71.5	42.5	"17029"
-70.5	42.5	"17030"
-124.5	41.5	"17336"
-123.5	41.5	"17337"
-122.5	41.5	"17338"
-121.5	41.5	"17339"
-120.5	41.5	"17340"
-119.5	41.5	"17341"
-118.5	41.5	"17342"
-117.5	41.5	"17343"
-116.5	41.5	"17344"
-115.5	41.5	"17345"
-114.5	41.5	"17346"
-113.5	41.5	"17347"
-112.5	41.5	"17348"
-111.5	41.5	"17349"
-110.5	41.5	"17350"
-109.5	41.5	"17351"
-108.5	41.5	"17352"
-107.5	41.5	"17353"
-106.5	41.5	"17354"
-105.5	41.5	"17355"
-104.5	41.5	"17356"
-103.5	41.5	"17357"
-102.5	41.5	"17358"
-101.5	41.5	"17359"
-100.5	41.5	"17360"
-99.5	41.5	"17361"
-98.5	41.5	"17362"
-97.5	41.5	"17363"
-96.5	41.5	"17364"
-95.5	41.5	"17365"
-94.5	41.5	"17366"
-93.5	41.5	"17367"
-92.5	41.5	"17368"
-91.5	41.5	"17369"
-90.5	41.5	"17370"
-89.5	41.5	"17371"
-88.5	41.5	"17372"
-87.5	41.5	"17373"
-86.5	41.5	"17374"
-85.5	41.5	"17375"
-84.5	41.5	"17376"
-83.5	41.5	"17377"
-82.5	41.5	"17378"
-81.5	41.5	"17379"
-80.5	41.5	"17380"
-79.5	41.5	"17381"
-78.5	41.5	"17382"
-77.5	41.5	"17383"
-76.5	41.5	"17384"
-75.5	41.5	"17385"
-74.5	41.5	"17386"
-73.5	41.5	"17387"
-72.5	41.5	"17388"
-71.5	41.5	"17389"
-70.5	41.5	"17390"
-124.5	40.5	"17696"
-123.5	40.5	"17697"
-122.5	40.5	"17698"
-121.5	40.5	"17699"
-120.5	40.5	"17700"
-119.5	40.5	"17701"
-118.5	40.5	"17702"
-116.5	40.5	"17704"
-115.5	40.5	"17705"
-114.5	40.5	"17706"
-113.5	40.5	"17707"
-112.5	40.5	"17708"
-111.5	40.5	"17709"
-110.5	40.5	"17710"
-109.5	40.5	"17711"
-108.5	40.5	"17712"
-107.5	40.5	"17713"
-106.5	40.5	"17714"
-105.5	40.5	"17715"
-104.5	40.5	"17716"
-103.5	40.5	"17717"
-102.5	40.5	"17718"
-101.5	40.5	"17719"
-100.5	40.5	"17720"
-99.5	40.5	"17721"
-98.5	40.5	"17722"
-97.5	40.5	"17723"
-96.5	40.5	"17724"
-95.5	40.5	"17725"
-94.5	40.5	"17726"
-93.5	40.5	"17727"
-92.5	40.5	"17728"
-91.5	40.5	"17729"
-90.5	40.5	"17730"
-89.5	40.5	"17731"
-88.5	40.5	"17732"
-87.5	40.5	"17733"
-86.5	40.5	"17734"
-85.5	40.5	"17735"
-84.5	40.5	"17736"
-83.5	40.5	"17737"
-82.5	40.5	"17738"
-81.5	40.5	"17739"
-80.5	40.5	"17740"
-79.5	40.5	"17741"
-78.5	40.5	"17742"
-77.5	40.5	"17743"
-76.5	40.5	"17744"
-75.5	40.5	"17745"
-74.5	40.5	"17746"
-123.5	39.5	"18057"
-122.5	39.5	"18058"
-121.5	39.5	"18059"
-120.5	39.5	"18060"
-119.5	39.5	"18061"
-118.5	39.5	"18062"
-116.5	39.5	"18064"
-115.5	39.5	"18065"
-114.5	39.5	"18066"
-113.5	39.5	"18067"
-112.5	39.5	"18068"
-111.5	39.5	"18069"
-110.5	39.5	"18070"
-109.5	39.5	"18071"
-108.5	39.5	"18072"
-107.5	39.5	"18073"
-106.5	39.5	"18074"
-105.5	39.5	"18075"
-104.5	39.5	"18076"
-103.5	39.5	"18077"
-102.5	39.5	"18078"
-101.5	39.5	"18079"
-100.5	39.5	"18080"
-99.5	39.5	"18081"
-98.5	39.5	"18082"
-97.5	39.5	"18083"
-96.5	39.5	"18084"
-95.5	39.5	"18085"
-94.5	39.5	"18086"
-93.5	39.5	"18087"
-92.5	39.5	"18088"
-91.5	39.5	"18089"
-90.5	39.5	"18090"
-89.5	39.5	"18091"
-88.5	39.5	"18092"
-87.5	39.5	"18093"
-86.5	39.5	"18094"
-85.5	39.5	"18095"
-84.5	39.5	"18096"
-83.5	39.5	"18097"
-82.5	39.5	"18098"
-81.5	39.5	"18099"
-80.5	39.5	"18100"
-79.5	39.5	"18101"
-78.5	39.5	"18102"
-77.5	39.5	"18103"
-76.5	39.5	"18104"
-75.5	39.5	"18105"
-74.5	39.5	"18106"
-123.5	38.5	"18417"
-122.5	38.5	"18418"
-121.5	38.5	"18419"
-120.5	38.5	"18420"
-119.5	38.5	"18421"
-118.5	38.5	"18422"
-117.5	38.5	"18423"
-116.5	38.5	"18424"
-115.5	38.5	"18425"
-114.5	38.5	"18426"
-113.5	38.5	"18427"
-112.5	38.5	"18428"
-111.5	38.5	"18429"
-110.5	38.5	"18430"
-109.5	38.5	"18431"
-108.5	38.5	"18432"
-107.5	38.5	"18433"
-106.5	38.5	"18434"
-105.5	38.5	"18435"
-104.5	38.5	"18436"
-103.5	38.5	"18437"
-102.5	38.5	"18438"
-101.5	38.5	"18439"
-100.5	38.5	"18440"
-99.5	38.5	"18441"
-98.5	38.5	"18442"
-97.5	38.5	"18443"
-96.5	38.5	"18444"
-95.5	38.5	"18445"
-94.5	38.5	"18446"
-93.5	38.5	"18447"
-92.5	38.5	"18448"
-91.5	38.5	"18449"
-90.5	38.5	"18450"
-89.5	38.5	"18451"
-88.5	38.5	"18452"
-87.5	38.5	"18453"
-86.5	38.5	"18454"
-85.5	38.5	"18455"
-84.5	38.5	"18456"
-83.5	38.5	"18457"
-82.5	38.5	"18458"
-81.5	38.5	"18459"
-80.5	38.5	"18460"
-79.5	38.5	"18461"
-78.5	38.5	"18462"
-77.5	38.5	"18463"
-76.5	38.5	"18464"
-75.5	38.5	"18465"
-122.5	37.5	"18778"
-121.5	37.5	"18779"
-120.5	37.5	"18780"
-119.5	37.5	"18781"
-118.5	37.5	"18782"
-117.5	37.5	"18783"
-116.5	37.5	"18784"
-115.5	37.5	"18785"
-114.5	37.5	"18786"
-113.5	37.5	"18787"
-112.5	37.5	"18788"
-111.5	37.5	"18789"
-110.5	37.5	"18790"
-109.5	37.5	"18791"
-108.5	37.5	"18792"
-107.5	37.5	"18793"
-106.5	37.5	"18794"
-105.5	37.5	"18795"
-104.5	37.5	"18796"
-103.5	37.5	"18797"
-102.5	37.5	"18798"
-101.5	37.5	"18799"
-100.5	37.5	"18800"
-99.5	37.5	"18801"
-98.5	37.5	"18802"
-97.5	37.5	"18803"
-96.5	37.5	"18804"
-95.5	37.5	"18805"
-94.5	37.5	"18806"
-93.5	37.5	"18807"
-92.5	37.5	"18808"
-91.5	37.5	"18809"
-90.5	37.5	"18810"
-89.5	37.5	"18811"
-88.5	37.5	"18812"
-87.5	37.5	"18813"
-86.5	37.5	"18814"
-85.5	37.5	"18815"
-84.5	37.5	"18816"
-83.5	37.5	"18817"
-82.5	37.5	"18818"
-81.5	37.5	"18819"
-80.5	37.5	"18820"
-79.5	37.5	"18821"
-78.5	37.5	"18822"
-77.5	37.5	"18823"
-76.5	37.5	"18824"
-75.5	37.5	"18825"
-122.5	36.5	"19138"
-121.5	36.5	"19139"
-120.5	36.5	"19140"
-119.5	36.5	"19141"
-118.5	36.5	"19142"
-117.5	36.5	"19143"
-116.5	36.5	"19144"
-115.5	36.5	"19145"
-114.5	36.5	"19146"
-113.5	36.5	"19147"
-112.5	36.5	"19148"
-111.5	36.5	"19149"
-110.5	36.5	"19150"
-109.5	36.5	"19151"
-108.5	36.5	"19152"
-107.5	36.5	"19153"
-106.5	36.5	"19154"
-105.5	36.5	"19155"
-104.5	36.5	"19156"
-103.5	36.5	"19157"
-102.5	36.5	"19158"
-101.5	36.5	"19159"
-100.5	36.5	"19160"
-99.5	36.5	"19161"
-98.5	36.5	"19162"
-97.5	36.5	"19163"
-96.5	36.5	"19164"
-95.5	36.5	"19165"
-94.5	36.5	"19166"
-93.5	36.5	"19167"
-92.5	36.5	"19168"
-91.5	36.5	"19169"
-90.5	36.5	"19170"
-89.5	36.5	"19171"
-88.5	36.5	"19172"
-87.5	36.5	"19173"
-86.5	36.5	"19174"
-85.5	36.5	"19175"
-84.5	36.5	"19176"
-83.5	36.5	"19177"
-82.5	36.5	"19178"
-81.5	36.5	"19179"
-80.5	36.5	"19180"
-79.5	36.5	"19181"
-78.5	36.5	"19182"
-77.5	36.5	"19183"
-76.5	36.5	"19184"
-75.5	36.5	"19185"
-121.5	35.5	"19499"
-120.5	35.5	"19500"
-119.5	35.5	"19501"
-118.5	35.5	"19502"
-117.5	35.5	"19503"
-116.5	35.5	"19504"
-115.5	35.5	"19505"
-114.5	35.5	"19506"
-113.5	35.5	"19507"
-112.5	35.5	"19508"
-111.5	35.5	"19509"
-110.5	35.5	"19510"
-109.5	35.5	"19511"
-108.5	35.5	"19512"
-107.5	35.5	"19513"
-106.5	35.5	"19514"
-105.5	35.5	"19515"
-104.5	35.5	"19516"
-103.5	35.5	"19517"
-102.5	35.5	"19518"
-101.5	35.5	"19519"
-100.5	35.5	"19520"
-99.5	35.5	"19521"
-98.5	35.5	"19522"
-97.5	35.5	"19523"
-96.5	35.5	"19524"
-95.5	35.5	"19525"
-94.5	35.5	"19526"
-93.5	35.5	"19527"
-92.5	35.5	"19528"
-91.5	35.5	"19529"
-90.5	35.5	"19530"
-89.5	35.5	"19531"
-88.5	35.5	"19532"
-87.5	35.5	"19533"
-86.5	35.5	"19534"
-85.5	35.5	"19535"
-84.5	35.5	"19536"
-83.5	35.5	"19537"
-82.5	35.5	"19538"
-81.5	35.5	"19539"
-80.5	35.5	"19540"
-79.5	35.5	"19541"
-78.5	35.5	"19542"
-77.5	35.5	"19543"
-76.5	35.5	"19544"
-75.5	35.5	"19545"
-120.5	34.5	"19860"
-119.5	34.5	"19861"
-118.5	34.5	"19862"
-117.5	34.5	"19863"
-116.5	34.5	"19864"
-115.5	34.5	"19865"
-114.5	34.5	"19866"
-113.5	34.5	"19867"
-112.5	34.5	"19868"
-111.5	34.5	"19869"
-110.5	34.5	"19870"
-109.5	34.5	"19871"
-108.5	34.5	"19872"
-107.5	34.5	"19873"
-106.5	34.5	"19874"
-105.5	34.5	"19875"
-104.5	34.5	"19876"
-103.5	34.5	"19877"
-102.5	34.5	"19878"
-101.5	34.5	"19879"
-100.5	34.5	"19880"
-99.5	34.5	"19881"
-98.5	34.5	"19882"
-97.5	34.5	"19883"
-96.5	34.5	"19884"
-95.5	34.5	"19885"
-94.5	34.5	"19886"
-93.5	34.5	"19887"
-92.5	34.5	"19888"
-91.5	34.5	"19889"
-90.5	34.5	"19890"
-89.5	34.5	"19891"
-88.5	34.5	"19892"
-87.5	34.5	"19893"
-86.5	34.5	"19894"
-85.5	34.5	"19895"
-84.5	34.5	"19896"
-83.5	34.5	"19897"
-82.5	34.5	"19898"
-81.5	34.5	"19899"
-80.5	34.5	"19900"
-79.5	34.5	"19901"
-78.5	34.5	"19902"
-77.5	34.5	"19903"
-76.5	34.5	"19904"
-118.5	33.5	"20222"
-117.5	33.5	"20223"
-116.5	33.5	"20224"
-115.5	33.5	"20225"
-114.5	33.5	"20226"
-113.5	33.5	"20227"
-112.5	33.5	"20228"
-111.5	33.5	"20229"
-110.5	33.5	"20230"
-109.5	33.5	"20231"
-108.5	33.5	"20232"
-107.5	33.5	"20233"
-106.5	33.5	"20234"
-105.5	33.5	"20235"
-104.5	33.5	"20236"
-103.5	33.5	"20237"
-102.5	33.5	"20238"
-101.5	33.5	"20239"
-100.5	33.5	"20240"
-99.5	33.5	"20241"
-98.5	33.5	"20242"
-97.5	33.5	"20243"
-96.5	33.5	"20244"
-95.5	33.5	"20245"
-94.5	33.5	"20246"
-93.5	33.5	"20247"
-92.5	33.5	"20248"
-91.5	33.5	"20249"
-90.5	33.5	"20250"
-89.5	33.5	"20251"
-88.5	33.5	"20252"
-87.5	33.5	"20253"
-86.5	33.5	"20254"
-85.5	33.5	"20255"
-84.5	33.5	"20256"
-83.5	33.5	"20257"
-82.5	33.5	"20258"
-81.5	33.5	"20259"
-80.5	33.5	"20260"
-79.5	33.5	"20261"
-117.5	32.5	"20583"
-116.5	32.5	"20584"
-115.5	32.5	"20585"
-114.5	32.5	"20586"
-113.5	32.5	"20587"
-112.5	32.5	"20588"
-111.5	32.5	"20589"
-110.5	32.5	"20590"
-109.5	32.5	"20591"
-108.5	32.5	"20592"
-107.5	32.5	"20593"
-106.5	32.5	"20594"
-105.5	32.5	"20595"
-104.5	32.5	"20596"
-103.5	32.5	"20597"
-102.5	32.5	"20598"
-101.5	32.5	"20599"
-100.5	32.5	"20600"
-99.5	32.5	"20601"
-98.5	32.5	"20602"
-97.5	32.5	"20603"
-96.5	32.5	"20604"
-95.5	32.5	"20605"
-94.5	32.5	"20606"
-93.5	32.5	"20607"
-92.5	32.5	"20608"
-91.5	32.5	"20609"
-90.5	32.5	"20610"
-89.5	32.5	"20611"
-88.5	32.5	"20612"
-87.5	32.5	"20613"
-86.5	32.5	"20614"
-85.5	32.5	"20615"
-84.5	32.5	"20616"
-83.5	32.5	"20617"
-82.5	32.5	"20618"
-81.5	32.5	"20619"
-80.5	32.5	"20620"
-79.5	32.5	"20621"
-116.5	31.5	"20944"
-115.5	31.5	"20945"
-114.5	31.5	"20946"
-113.5	31.5	"20947"
-112.5	31.5	"20948"
-111.5	31.5	"20949"
-110.5	31.5	"20950"
-109.5	31.5	"20951"
-108.5	31.5	"20952"
-107.5	31.5	"20953"
-106.5	31.5	"20954"
-105.5	31.5	"20955"
-104.5	31.5	"20956"
-103.5	31.5	"20957"
-102.5	31.5	"20958"
-101.5	31.5	"20959"
-100.5	31.5	"20960"
-99.5	31.5	"20961"
-98.5	31.5	"20962"
-97.5	31.5	"20963"
-96.5	31.5	"20964"
-95.5	31.5	"20965"
-94.5	31.5	"20966"
-93.5	31.5	"20967"
-92.5	31.5	"20968"
-91.5	31.5	"20969"
-90.5	31.5	"20970"
-89.5	31.5	"20971"
-88.5	31.5	"20972"
-87.5	31.5	"20973"
-86.5	31.5	"20974"
-85.5	31.5	"20975"
-84.5	31.5	"20976"
-83.5	31.5	"20977"
-82.5	31.5	"20978"
-81.5	31.5	"20979"
-116.5	30.5	"21304"
-115.5	30.5	"21305"
-114.5	30.5	"21306"
-111.5	30.5	"21309"
-110.5	30.5	"21310"
-109.5	30.5	"21311"
-108.5	30.5	"21312"
-107.5	30.5	"21313"
-106.5	30.5	"21314"
-105.5	30.5	"21315"
-104.5	30.5	"21316"
-103.5	30.5	"21317"
-102.5	30.5	"21318"
-101.5	30.5	"21319"
-100.5	30.5	"21320"
-99.5	30.5	"21321"
-98.5	30.5	"21322"
-97.5	30.5	"21323"
-96.5	30.5	"21324"
-95.5	30.5	"21325"
-94.5	30.5	"21326"
-93.5	30.5	"21327"
-92.5	30.5	"21328"
-91.5	30.5	"21329"
-90.5	30.5	"21330"
-89.5	30.5	"21331"
-88.5	30.5	"21332"
-87.5	30.5	"21333"
-86.5	30.5	"21334"
-85.5	30.5	"21335"
-84.5	30.5	"21336"
-83.5	30.5	"21337"
-82.5	30.5	"21338"
-81.5	30.5	"21339"
-115.5	29.5	"21665"
-110.5	29.5	"21670"
-109.5	29.5	"21671"
-108.5	29.5	"21672"
-107.5	29.5	"21673"
-106.5	29.5	"21674"
-105.5	29.5	"21675"
-104.5	29.5	"21676"
-103.5	29.5	"21677"
-102.5	29.5	"21678"
-101.5	29.5	"21679"
-100.5	29.5	"21680"
-99.5	29.5	"21681"
-98.5	29.5	"21682"
-97.5	29.5	"21683"
-96.5	29.5	"21684"
-95.5	29.5	"21685"
-94.5	29.5	"21686"
-93.5	29.5	"21687"
-92.5	29.5	"21688"
-91.5	29.5	"21689"
-90.5	29.5	"21690"
-89.5	29.5	"21691"
-85.5	29.5	"21695"
-84.5	29.5	"21696"
-83.5	29.5	"21697"
-82.5	29.5	"21698"
-81.5	29.5	"21699"
-80.5	29.5	"21700"
-110.5	28.5	"22030"
-109.5	28.5	"22031"
-108.5	28.5	"22032"
-107.5	28.5	"22033"
-106.5	28.5	"22034"
-105.5	28.5	"22035"
-104.5	28.5	"22036"
-103.5	28.5	"22037"
-102.5	28.5	"22038"
-101.5	28.5	"22039"
-100.5	28.5	"22040"
-99.5	28.5	"22041"
-98.5	28.5	"22042"
-97.5	28.5	"22043"
-96.5	28.5	"22044"
-95.5	28.5	"22045"
-82.5	28.5	"22058"
-81.5	28.5	"22059"
-80.5	28.5	"22060"
-110.5	27.5	"22390"
-109.5	27.5	"22391"
-108.5	27.5	"22392"
-107.5	27.5	"22393"
-106.5	27.5	"22394"
-105.5	27.5	"22395"
-104.5	27.5	"22396"
-103.5	27.5	"22397"
-102.5	27.5	"22398"
-101.5	27.5	"22399"
-100.5	27.5	"22400"
-99.5	27.5	"22401"
-98.5	27.5	"22402"
-97.5	27.5	"22403"
-82.5	27.5	"22418"
-80.5	27.5	"22420"
-109.5	26.5	"22751"
-108.5	26.5	"22752"
-107.5	26.5	"22753"
-106.5	26.5	"22754"
-105.5	26.5	"22755"
-104.5	26.5	"22756"
-103.5	26.5	"22757"
-102.5	26.5	"22758"
-101.5	26.5	"22759"
-100.5	26.5	"22760"
-99.5	26.5	"22761"
-98.5	26.5	"22762"
-97.5	26.5	"22763"
-82.5	26.5	"22778"
-81.5	26.5	"22779"
-80.5	26.5	"22780"
-109.5	25.5	"23111"
-108.5	25.5	"23112"
-107.5	25.5	"23113"
-106.5	25.5	"23114"
-105.5	25.5	"23115"
-104.5	25.5	"23116"
-103.5	25.5	"23117"
-102.5	25.5	"23118"
-101.5	25.5	"23119"
-100.5	25.5	"23120"
-99.5	25.5	"23121"
-98.5	25.5	"23122"
-97.5	25.5	"23123"
-81.5	25.5	"23139"
-80.5	25.5	"23140"
-108.5	24.5	"23472"
-107.5	24.5	"23473"
-106.5	24.5	"23474"
-105.5	24.5	"23475"
-104.5	24.5	"23476"
-103.5	24.5	"23477"
-102.5	24.5	"23478"
-101.5	24.5	"23479"
-100.5	24.5	"23480"
-99.5	24.5	"23481"
-98.5	24.5	"23482"
-97.5	24.5	"23483"
-109.5	23.5	"23831"
-107.5	23.5	"23833"
-106.5	23.5	"23834"
-105.5	23.5	"23835"
-104.5	23.5	"23836"
-103.5	23.5	"23837"
-102.5	23.5	"23838"
-101.5	23.5	"23839"
-100.5	23.5	"23840"
-99.5	23.5	"23841"
-98.5	23.5	"23842"
-97.5	23.5	"23843"
-106.5	22.5	"24194"
-105.5	22.5	"24195"
-104.5	22.5	"24196"
-103.5	22.5	"24197"
-102.5	22.5	"24198"
-101.5	22.5	"24199"
-100.5	22.5	"24200"
-99.5	22.5	"24201"
-98.5	22.5	"24202"
-97.5	22.5	"24203"
-105.5	21.5	"24555"
-104.5	21.5	"24556"
-103.5	21.5	"24557"
-102.5	21.5	"24558"
-101.5	21.5	"24559"
-100.5	21.5	"24560"
-99.5	21.5	"24561"
-98.5	21.5	"24562"
-97.5	21.5	"24563"
-90.5	21.5	"24570"
-89.5	21.5	"24571"
-88.5	21.5	"24572"
-87.5	21.5	"24573"
-86.5	21.5	"24574"
-105.5	20.5	"24915"
-104.5	20.5	"24916"
-103.5	20.5	"24917"
-102.5	20.5	"24918"
-101.5	20.5	"24919"
-100.5	20.5	"24920"
-99.5	20.5	"24921"
-98.5	20.5	"24922"
-97.5	20.5	"24923"
-96.5	20.5	"24924"
-90.5	20.5	"24930"
-89.5	20.5	"24931"
-88.5	20.5	"24932"
-87.5	20.5	"24933"
-105.5	19.5	"25275"
-104.5	19.5	"25276"
-103.5	19.5	"25277"
-102.5	19.5	"25278"
-101.5	19.5	"25279"
-100.5	19.5	"25280"
-99.5	19.5	"25281"
-98.5	19.5	"25282"
-97.5	19.5	"25283"
-96.5	19.5	"25284"
-90.5	19.5	"25290"
-89.5	19.5	"25291"
-88.5	19.5	"25292"
-87.5	19.5	"25293"
-103.5	18.5	"25637"
-102.5	18.5	"25638"
-101.5	18.5	"25639"
-100.5	18.5	"25640"
-99.5	18.5	"25641"
-98.5	18.5	"25642"
-97.5	18.5	"25643"
-96.5	18.5	"25644"
-95.5	18.5	"25645"
-94.5	18.5	"25646"
-93.5	18.5	"25647"
-92.5	18.5	"25648"
-91.5	18.5	"25649"
-90.5	18.5	"25650"
-89.5	18.5	"25651"
-88.5	18.5	"25652"
-87.5	18.5	"25653"
-101.5	17.5	"25999"
-100.5	17.5	"26000"
-99.5	17.5	"26001"
-98.5	17.5	"26002"
-97.5	17.5	"26003"
-96.5	17.5	"26004"
-95.5	17.5	"26005"
-94.5	17.5	"26006"
-93.5	17.5	"26007"
-92.5	17.5	"26008"
-91.5	17.5	"26009"
-90.5	17.5	"26010"
-89.5	17.5	"26011"
-88.5	17.5	"26012"
-99.5	16.5	"26361"
-98.5	16.5	"26362"
-97.5	16.5	"26363"
-96.5	16.5	"26364"
-95.5	16.5	"26365"
-94.5	16.5	"26366"
-93.5	16.5	"26367"
-92.5	16.5	"26368"
-91.5	16.5	"26369"
-90.5	16.5	"26370"
-89.5	16.5	"26371"
-88.5	16.5	"26372"
-97.5	15.5	"26723"
-96.5	15.5	"26724"
-95.5	15.5	"26725"
-93.5	15.5	"26727"
-92.5	15.5	"26728"
-91.5	15.5	"26729"
-90.5	15.5	"26730"
-89.5	15.5	"26731"
-88.5	15.5	"26732"
-87.5	15.5	"26733"
-86.5	15.5	"26734"
-85.5	15.5	"26735"
-84.5	15.5	"26736"
-83.5	15.5	"26737"
-92.5	14.5	"27088"
-91.5	14.5	"27089"
-90.5	14.5	"27090"
-89.5	14.5	"27091"
-88.5	14.5	"27092"
-87.5	14.5	"27093"
-86.5	14.5	"27094"
-85.5	14.5	"27095"
-84.5	14.5	"27096"
-83.5	14.5	"27097"
-91.5	13.5	"27449"
-90.5	13.5	"27450"
-89.5	13.5	"27451"
-88.5	13.5	"27452"
-87.5	13.5	"27453"
-86.5	13.5	"27454"
-85.5	13.5	"27455"
-84.5	13.5	"27456"
-83.5	13.5	"27457"
-87.5	12.5	"27813"
-86.5	12.5	"27814"
-85.5	12.5	"27815"
-84.5	12.5	"27816"
-83.5	12.5	"27817"
-72.5	12.5	"27828"
-71.5	12.5	"27829"
-70.5	12.5	"27830"
-69.5	12.5	"27831"
-86.5	11.5	"28174"
-85.5	11.5	"28175"
-84.5	11.5	"28176"
-83.5	11.5	"28177"
-74.5	11.5	"28186"
-73.5	11.5	"28187"
-72.5	11.5	"28188"
-71.5	11.5	"28189"
-70.5	11.5	"28190"
-69.5	11.5	"28191"
-68.5	11.5	"28192"
-85.5	10.5	"28535"
-84.5	10.5	"28536"
-83.5	10.5	"28537"
-75.5	10.5	"28545"
-74.5	10.5	"28546"
-73.5	10.5	"28547"
-72.5	10.5	"28548"
-71.5	10.5	"28549"
-70.5	10.5	"28550"
-69.5	10.5	"28551"
-68.5	10.5	"28552"
-67.5	10.5	"28553"
-66.5	10.5	"28554"
-65.5	10.5	"28555"
-64.5	10.5	"28556"
-63.5	10.5	"28557"
-62.5	10.5	"28558"
-85.5	9.5	"28895"
-84.5	9.5	"28896"
-83.5	9.5	"28897"
-82.5	9.5	"28898"
-81.5	9.5	"28899"
-80.5	9.5	"28900"
-79.5	9.5	"28901"
-78.5	9.5	"28902"
-77.5	9.5	"28903"
-76.5	9.5	"28904"
-75.5	9.5	"28905"
-74.5	9.5	"28906"
-73.5	9.5	"28907"
-72.5	9.5	"28908"
-71.5	9.5	"28909"
-70.5	9.5	"28910"
-69.5	9.5	"28911"
-68.5	9.5	"28912"
-67.5	9.5	"28913"
-66.5	9.5	"28914"
-65.5	9.5	"28915"
-64.5	9.5	"28916"
-63.5	9.5	"28917"
-62.5	9.5	"28918"
-61.5	9.5	"28919"
-60.5	9.5	"28920"
-83.5	8.5	"29257"
-82.5	8.5	"29258"
-81.5	8.5	"29259"
-80.5	8.5	"29260"
-79.5	8.5	"29261"
-78.5	8.5	"29262"
-77.5	8.5	"29263"
-76.5	8.5	"29264"
-75.5	8.5	"29265"
-74.5	8.5	"29266"
-73.5	8.5	"29267"
-72.5	8.5	"29268"
-71.5	8.5	"29269"
-70.5	8.5	"29270"
-69.5	8.5	"29271"
-68.5	8.5	"29272"
-67.5	8.5	"29273"
-66.5	8.5	"29274"
-65.5	8.5	"29275"
-64.5	8.5	"29276"
-63.5	8.5	"29277"
-62.5	8.5	"29278"
-61.5	8.5	"29279"
-60.5	8.5	"29280"
-59.5	8.5	"29281"
-81.5	7.5	"29619"
-80.5	7.5	"29620"
-78.5	7.5	"29622"
-77.5	7.5	"29623"
-76.5	7.5	"29624"
-75.5	7.5	"29625"
-74.5	7.5	"29626"
-73.5	7.5	"29627"
-72.5	7.5	"29628"
-71.5	7.5	"29629"
-70.5	7.5	"29630"
-69.5	7.5	"29631"
-68.5	7.5	"29632"
-67.5	7.5	"29633"
-66.5	7.5	"29634"
-65.5	7.5	"29635"
-64.5	7.5	"29636"
-63.5	7.5	"29637"
-62.5	7.5	"29638"
-61.5	7.5	"29639"
-60.5	7.5	"29640"
-59.5	7.5	"29641"
-58.5	7.5	"29642"
-77.5	6.5	"29983"
-76.5	6.5	"29984"
-75.5	6.5	"29985"
-74.5	6.5	"29986"
-73.5	6.5	"29987"
-72.5	6.5	"29988"
-71.5	6.5	"29989"
-70.5	6.5	"29990"
-69.5	6.5	"29991"
-68.5	6.5	"29992"
-67.5	6.5	"29993"
-66.5	6.5	"29994"
-65.5	6.5	"29995"
-64.5	6.5	"29996"
-63.5	6.5	"29997"
-62.5	6.5	"29998"
-61.5	6.5	"29999"
-60.5	6.5	"30000"
-59.5	6.5	"30001"
-58.5	6.5	"30002"
-57.5	6.5	"30003"
-77.5	5.5	"30343"
-76.5	5.5	"30344"
-75.5	5.5	"30345"
-74.5	5.5	"30346"
-73.5	5.5	"30347"
-72.5	5.5	"30348"
-71.5	5.5	"30349"
-70.5	5.5	"30350"
-69.5	5.5	"30351"
-68.5	5.5	"30352"
-67.5	5.5	"30353"
-66.5	5.5	"30354"
-65.5	5.5	"30355"
-64.5	5.5	"30356"
-63.5	5.5	"30357"
-62.5	5.5	"30358"
-61.5	5.5	"30359"
-60.5	5.5	"30360"
-59.5	5.5	"30361"
-58.5	5.5	"30362"
-57.5	5.5	"30363"
-56.5	5.5	"30364"
-55.5	5.5	"30365"
-54.5	5.5	"30366"
-53.5	5.5	"30367"
-52.5	5.5	"30368"
-77.5	4.5	"30703"
-76.5	4.5	"30704"
-75.5	4.5	"30705"
-74.5	4.5	"30706"
-73.5	4.5	"30707"
-72.5	4.5	"30708"
-71.5	4.5	"30709"
-70.5	4.5	"30710"
-69.5	4.5	"30711"
-68.5	4.5	"30712"
-67.5	4.5	"30713"
-66.5	4.5	"30714"
-65.5	4.5	"30715"
-64.5	4.5	"30716"
-63.5	4.5	"30717"
-62.5	4.5	"30718"
-61.5	4.5	"30719"
-60.5	4.5	"30720"
-59.5	4.5	"30721"
-58.5	4.5	"30722"
-57.5	4.5	"30723"
-56.5	4.5	"30724"
-55.5	4.5	"30725"
-54.5	4.5	"30726"
-53.5	4.5	"30727"
-52.5	4.5	"30728"
-51.5	4.5	"30729"
-77.5	3.5	"31063"
-76.5	3.5	"31064"
-75.5	3.5	"31065"
-74.5	3.5	"31066"
-73.5	3.5	"31067"
-72.5	3.5	"31068"
-71.5	3.5	"31069"
-70.5	3.5	"31070"
-69.5	3.5	"31071"
-68.5	3.5	"31072"
-67.5	3.5	"31073"
-66.5	3.5	"31074"
-65.5	3.5	"31075"
-64.5	3.5	"31076"
-63.5	3.5	"31077"
-62.5	3.5	"31078"
-61.5	3.5	"31079"
-60.5	3.5	"31080"
-59.5	3.5	"31081"
-58.5	3.5	"31082"
-57.5	3.5	"31083"
-56.5	3.5	"31084"
-55.5	3.5	"31085"
-54.5	3.5	"31086"
-53.5	3.5	"31087"
-52.5	3.5	"31088"
-51.5	3.5	"31089"
-78.5	2.5	"31422"
-77.5	2.5	"31423"
-76.5	2.5	"31424"
-75.5	2.5	"31425"
-74.5	2.5	"31426"
-73.5	2.5	"31427"
-72.5	2.5	"31428"
-71.5	2.5	"31429"
-70.5	2.5	"31430"
-69.5	2.5	"31431"
-68.5	2.5	"31432"
-67.5	2.5	"31433"
-66.5	2.5	"31434"
-65.5	2.5	"31435"
-64.5	2.5	"31436"
-63.5	2.5	"31437"
-62.5	2.5	"31438"
-61.5	2.5	"31439"
-60.5	2.5	"31440"
-59.5	2.5	"31441"
-58.5	2.5	"31442"
-57.5	2.5	"31443"
-56.5	2.5	"31444"
-55.5	2.5	"31445"
-54.5	2.5	"31446"
-53.5	2.5	"31447"
-52.5	2.5	"31448"
-51.5	2.5	"31449"
-50.5	2.5	"31450"
-79.5	1.5	"31781"
-78.5	1.5	"31782"
-77.5	1.5	"31783"
-76.5	1.5	"31784"
-75.5	1.5	"31785"
-74.5	1.5	"31786"
-73.5	1.5	"31787"
-72.5	1.5	"31788"
-71.5	1.5	"31789"
-70.5	1.5	"31790"
-69.5	1.5	"31791"
-68.5	1.5	"31792"
-67.5	1.5	"31793"
-66.5	1.5	"31794"
-65.5	1.5	"31795"
-64.5	1.5	"31796"
-63.5	1.5	"31797"
-62.5	1.5	"31798"
-61.5	1.5	"31799"
-60.5	1.5	"31800"
-59.5	1.5	"31801"
-58.5	1.5	"31802"
-57.5	1.5	"31803"
-56.5	1.5	"31804"
-55.5	1.5	"31805"
-54.5	1.5	"31806"
-53.5	1.5	"31807"
-52.5	1.5	"31808"
-51.5	1.5	"31809"
-50.5	1.5	"31810"
-80.5	0.5	"32140"
-79.5	0.5	"32141"
-78.5	0.5	"32142"
-77.5	0.5	"32143"
-76.5	0.5	"32144"
-75.5	0.5	"32145"
-74.5	0.5	"32146"
-73.5	0.5	"32147"
-72.5	0.5	"32148"
-71.5	0.5	"32149"
-70.5	0.5	"32150"
-69.5	0.5	"32151"
-68.5	0.5	"32152"
-67.5	0.5	"32153"
-66.5	0.5	"32154"
-65.5	0.5	"32155"
-64.5	0.5	"32156"
-63.5	0.5	"32157"
-62.5	0.5	"32158"
-61.5	0.5	"32159"
-60.5	0.5	"32160"
-59.5	0.5	"32161"
-58.5	0.5	"32162"
-57.5	0.5	"32163"
-56.5	0.5	"32164"
-55.5	0.5	"32165"
-54.5	0.5	"32166"
-53.5	0.5	"32167"
-52.5	0.5	"32168"
-51.5	0.5	"32169"
-50.5	0.5	"32170"
-80.5	-0.5	"32500"
-79.5	-0.5	"32501"
-78.5	-0.5	"32502"
-77.5	-0.5	"32503"
-76.5	-0.5	"32504"
-75.5	-0.5	"32505"
-74.5	-0.5	"32506"
-73.5	-0.5	"32507"
-72.5	-0.5	"32508"
-71.5	-0.5	"32509"
-70.5	-0.5	"32510"
-69.5	-0.5	"32511"
-68.5	-0.5	"32512"
-67.5	-0.5	"32513"
-66.5	-0.5	"32514"
-65.5	-0.5	"32515"
-64.5	-0.5	"32516"
-63.5	-0.5	"32517"
-62.5	-0.5	"32518"
-61.5	-0.5	"32519"
-60.5	-0.5	"32520"
-59.5	-0.5	"32521"
-58.5	-0.5	"32522"
-57.5	-0.5	"32523"
-56.5	-0.5	"32524"
-55.5	-0.5	"32525"
-54.5	-0.5	"32526"
-53.5	-0.5	"32527"
-52.5	-0.5	"32528"
-51.5	-0.5	"32529"
-47.5	-0.5	"32533"
-46.5	-0.5	"32534"
-80.5	-1.5	"32860"
-79.5	-1.5	"32861"
-78.5	-1.5	"32862"
-77.5	-1.5	"32863"
-76.5	-1.5	"32864"
-75.5	-1.5	"32865"
-74.5	-1.5	"32866"
-73.5	-1.5	"32867"
-72.5	-1.5	"32868"
-71.5	-1.5	"32869"
-70.5	-1.5	"32870"
-69.5	-1.5	"32871"
-68.5	-1.5	"32872"
-67.5	-1.5	"32873"
-66.5	-1.5	"32874"
-65.5	-1.5	"32875"
-64.5	-1.5	"32876"
-63.5	-1.5	"32877"
-62.5	-1.5	"32878"
-61.5	-1.5	"32879"
-60.5	-1.5	"32880"
-59.5	-1.5	"32881"
-58.5	-1.5	"32882"
-57.5	-1.5	"32883"
-56.5	-1.5	"32884"
-55.5	-1.5	"32885"
-54.5	-1.5	"32886"
-53.5	-1.5	"32887"
-52.5	-1.5	"32888"
-51.5	-1.5	"32889"
-48.5	-1.5	"32892"
-47.5	-1.5	"32893"
-46.5	-1.5	"32894"
-45.5	-1.5	"32895"
-44.5	-1.5	"32896"
-80.5	-2.5	"33220"
-79.5	-2.5	"33221"
-78.5	-2.5	"33222"
-77.5	-2.5	"33223"
-76.5	-2.5	"33224"
-75.5	-2.5	"33225"
-74.5	-2.5	"33226"
-73.5	-2.5	"33227"
-72.5	-2.5	"33228"
-71.5	-2.5	"33229"
-70.5	-2.5	"33230"
-69.5	-2.5	"33231"
-68.5	-2.5	"33232"
-67.5	-2.5	"33233"
-66.5	-2.5	"33234"
-65.5	-2.5	"33235"
-64.5	-2.5	"33236"
-63.5	-2.5	"33237"
-62.5	-2.5	"33238"
-61.5	-2.5	"33239"
-60.5	-2.5	"33240"
-59.5	-2.5	"33241"
-58.5	-2.5	"33242"
-57.5	-2.5	"33243"
-56.5	-2.5	"33244"
-55.5	-2.5	"33245"
-54.5	-2.5	"33246"
-53.5	-2.5	"33247"
-52.5	-2.5	"33248"
-51.5	-2.5	"33249"
-50.5	-2.5	"33250"
-49.5	-2.5	"33251"
-48.5	-2.5	"33252"
-47.5	-2.5	"33253"
-46.5	-2.5	"33254"
-45.5	-2.5	"33255"
-44.5	-2.5	"33256"
-43.5	-2.5	"33257"
-42.5	-2.5	"33258"
-41.5	-2.5	"33259"
-40.5	-2.5	"33260"
-39.5	-2.5	"33261"
-80.5	-3.5	"33580"
-79.5	-3.5	"33581"
-78.5	-3.5	"33582"
-77.5	-3.5	"33583"
-76.5	-3.5	"33584"
-75.5	-3.5	"33585"
-74.5	-3.5	"33586"
-73.5	-3.5	"33587"
-72.5	-3.5	"33588"
-71.5	-3.5	"33589"
-70.5	-3.5	"33590"
-69.5	-3.5	"33591"
-68.5	-3.5	"33592"
-67.5	-3.5	"33593"
-66.5	-3.5	"33594"
-65.5	-3.5	"33595"
-64.5	-3.5	"33596"
-63.5	-3.5	"33597"
-62.5	-3.5	"33598"
-61.5	-3.5	"33599"
-60.5	-3.5	"33600"
-59.5	-3.5	"33601"
-58.5	-3.5	"33602"
-57.5	-3.5	"33603"
-56.5	-3.5	"33604"
-55.5	-3.5	"33605"
-54.5	-3.5	"33606"
-53.5	-3.5	"33607"
-52.5	-3.5	"33608"
-51.5	-3.5	"33609"
-50.5	-3.5	"33610"
-49.5	-3.5	"33611"
-48.5	-3.5	"33612"
-47.5	-3.5	"33613"
-46.5	-3.5	"33614"
-45.5	-3.5	"33615"
-44.5	-3.5	"33616"
-43.5	-3.5	"33617"
-42.5	-3.5	"33618"
-41.5	-3.5	"33619"
-40.5	-3.5	"33620"
-39.5	-3.5	"33621"
-38.5	-3.5	"33622"
-81.5	-4.5	"33939"
-80.5	-4.5	"33940"
-79.5	-4.5	"33941"
-78.5	-4.5	"33942"
-77.5	-4.5	"33943"
-76.5	-4.5	"33944"
-75.5	-4.5	"33945"
-74.5	-4.5	"33946"
-73.5	-4.5	"33947"
-72.5	-4.5	"33948"
-71.5	-4.5	"33949"
-70.5	-4.5	"33950"
-69.5	-4.5	"33951"
-68.5	-4.5	"33952"
-67.5	-4.5	"33953"
-66.5	-4.5	"33954"
-65.5	-4.5	"33955"
-64.5	-4.5	"33956"
-63.5	-4.5	"33957"
-62.5	-4.5	"33958"
-61.5	-4.5	"33959"
-60.5	-4.5	"33960"
-59.5	-4.5	"33961"
-58.5	-4.5	"33962"
-57.5	-4.5	"33963"
-56.5	-4.5	"33964"
-55.5	-4.5	"33965"
-54.5	-4.5	"33966"
-53.5	-4.5	"33967"
-52.5	-4.5	"33968"
-51.5	-4.5	"33969"
-50.5	-4.5	"33970"
-49.5	-4.5	"33971"
-48.5	-4.5	"33972"
-47.5	-4.5	"33973"
-46.5	-4.5	"33974"
-45.5	-4.5	"33975"
-44.5	-4.5	"33976"
-43.5	-4.5	"33977"
-42.5	-4.5	"33978"
-41.5	-4.5	"33979"
-40.5	-4.5	"33980"
-39.5	-4.5	"33981"
-38.5	-4.5	"33982"
-37.5	-4.5	"33983"
-81.5	-5.5	"34299"
-80.5	-5.5	"34300"
-79.5	-5.5	"34301"
-78.5	-5.5	"34302"
-77.5	-5.5	"34303"
-76.5	-5.5	"34304"
-75.5	-5.5	"34305"
-74.5	-5.5	"34306"
-73.5	-5.5	"34307"
-72.5	-5.5	"34308"
-71.5	-5.5	"34309"
-70.5	-5.5	"34310"
-69.5	-5.5	"34311"
-68.5	-5.5	"34312"
-67.5	-5.5	"34313"
-66.5	-5.5	"34314"
-65.5	-5.5	"34315"
-64.5	-5.5	"34316"
-63.5	-5.5	"34317"
-62.5	-5.5	"34318"
-61.5	-5.5	"34319"
-60.5	-5.5	"34320"
-59.5	-5.5	"34321"
-58.5	-5.5	"34322"
-57.5	-5.5	"34323"
-56.5	-5.5	"34324"
-55.5	-5.5	"34325"
-54.5	-5.5	"34326"
-53.5	-5.5	"34327"
-52.5	-5.5	"34328"
-51.5	-5.5	"34329"
-50.5	-5.5	"34330"
-49.5	-5.5	"34331"
-48.5	-5.5	"34332"
-47.5	-5.5	"34333"
-46.5	-5.5	"34334"
-45.5	-5.5	"34335"
-44.5	-5.5	"34336"
-43.5	-5.5	"34337"
-42.5	-5.5	"34338"
-41.5	-5.5	"34339"
-40.5	-5.5	"34340"
-39.5	-5.5	"34341"
-38.5	-5.5	"34342"
-37.5	-5.5	"34343"
-36.5	-5.5	"34344"
-35.5	-5.5	"34345"
-81.5	-6.5	"34659"
-80.5	-6.5	"34660"
-79.5	-6.5	"34661"
-78.5	-6.5	"34662"
-77.5	-6.5	"34663"
-76.5	-6.5	"34664"
-75.5	-6.5	"34665"
-74.5	-6.5	"34666"
-73.5	-6.5	"34667"
-72.5	-6.5	"34668"
-71.5	-6.5	"34669"
-70.5	-6.5	"34670"
-69.5	-6.5	"34671"
-68.5	-6.5	"34672"
-67.5	-6.5	"34673"
-66.5	-6.5	"34674"
-65.5	-6.5	"34675"
-64.5	-6.5	"34676"
-63.5	-6.5	"34677"
-62.5	-6.5	"34678"
-61.5	-6.5	"34679"
-60.5	-6.5	"34680"
-59.5	-6.5	"34681"
-58.5	-6.5	"34682"
-57.5	-6.5	"34683"
-56.5	-6.5	"34684"
-55.5	-6.5	"34685"
-54.5	-6.5	"34686"
-53.5	-6.5	"34687"
-52.5	-6.5	"34688"
-51.5	-6.5	"34689"
-50.5	-6.5	"34690"
-49.5	-6.5	"34691"
-48.5	-6.5	"34692"
-47.5	-6.5	"34693"
-46.5	-6.5	"34694"
-45.5	-6.5	"34695"
-44.5	-6.5	"34696"
-43.5	-6.5	"34697"
-42.5	-6.5	"34698"
-41.5	-6.5	"34699"
-40.5	-6.5	"34700"
-39.5	-6.5	"34701"
-38.5	-6.5	"34702"
-37.5	-6.5	"34703"
-36.5	-6.5	"34704"
-35.5	-6.5	"34705"
-79.5	-7.5	"35021"
-78.5	-7.5	"35022"
-77.5	-7.5	"35023"
-76.5	-7.5	"35024"
-75.5	-7.5	"35025"
-74.5	-7.5	"35026"
-73.5	-7.5	"35027"
-72.5	-7.5	"35028"
-71.5	-7.5	"35029"
-70.5	-7.5	"35030"
-69.5	-7.5	"35031"
-68.5	-7.5	"35032"
-67.5	-7.5	"35033"
-66.5	-7.5	"35034"
-65.5	-7.5	"35035"
-64.5	-7.5	"35036"
-63.5	-7.5	"35037"
-62.5	-7.5	"35038"
-61.5	-7.5	"35039"
-60.5	-7.5	"35040"
-59.5	-7.5	"35041"
-58.5	-7.5	"35042"
-57.5	-7.5	"35043"
-56.5	-7.5	"35044"
-55.5	-7.5	"35045"
-54.5	-7.5	"35046"
-53.5	-7.5	"35047"
-52.5	-7.5	"35048"
-51.5	-7.5	"35049"
-50.5	-7.5	"35050"
-49.5	-7.5	"35051"
-48.5	-7.5	"35052"
-47.5	-7.5	"35053"
-46.5	-7.5	"35054"
-45.5	-7.5	"35055"
-44.5	-7.5	"35056"
-43.5	-7.5	"35057"
-42.5	-7.5	"35058"
-41.5	-7.5	"35059"
-40.5	-7.5	"35060"
-39.5	-7.5	"35061"
-38.5	-7.5	"35062"
-37.5	-7.5	"35063"
-36.5	-7.5	"35064"
-35.5	-7.5	"35065"
-34.5	-7.5	"35066"
-79.5	-8.5	"35381"
-78.5	-8.5	"35382"
-77.5	-8.5	"35383"
-76.5	-8.5	"35384"
-75.5	-8.5	"35385"
-74.5	-8.5	"35386"
-73.5	-8.5	"35387"
-72.5	-8.5	"35388"
-71.5	-8.5	"35389"
-70.5	-8.5	"35390"
-69.5	-8.5	"35391"
-68.5	-8.5	"35392"
-67.5	-8.5	"35393"
-66.5	-8.5	"35394"
-65.5	-8.5	"35395"
-64.5	-8.5	"35396"
-63.5	-8.5	"35397"
-62.5	-8.5	"35398"
-61.5	-8.5	"35399"
-60.5	-8.5	"35400"
-59.5	-8.5	"35401"
-58.5	-8.5	"35402"
-57.5	-8.5	"35403"
-56.5	-8.5	"35404"
-55.5	-8.5	"35405"
-54.5	-8.5	"35406"
-53.5	-8.5	"35407"
-52.5	-8.5	"35408"
-51.5	-8.5	"35409"
-50.5	-8.5	"35410"
-49.5	-8.5	"35411"
-48.5	-8.5	"35412"
-47.5	-8.5	"35413"
-46.5	-8.5	"35414"
-45.5	-8.5	"35415"
-44.5	-8.5	"35416"
-43.5	-8.5	"35417"
-42.5	-8.5	"35418"
-41.5	-8.5	"35419"
-40.5	-8.5	"35420"
-39.5	-8.5	"35421"
-38.5	-8.5	"35422"
-37.5	-8.5	"35423"
-36.5	-8.5	"35424"
-35.5	-8.5	"35425"
-34.5	-8.5	"35426"
-78.5	-9.5	"35742"
-77.5	-9.5	"35743"
-76.5	-9.5	"35744"
-75.5	-9.5	"35745"
-74.5	-9.5	"35746"
-73.5	-9.5	"35747"
-72.5	-9.5	"35748"
-71.5	-9.5	"35749"
-70.5	-9.5	"35750"
-69.5	-9.5	"35751"
-68.5	-9.5	"35752"
-67.5	-9.5	"35753"
-66.5	-9.5	"35754"
-65.5	-9.5	"35755"
-64.5	-9.5	"35756"
-63.5	-9.5	"35757"
-62.5	-9.5	"35758"
-61.5	-9.5	"35759"
-60.5	-9.5	"35760"
-59.5	-9.5	"35761"
-58.5	-9.5	"35762"
-57.5	-9.5	"35763"
-56.5	-9.5	"35764"
-55.5	-9.5	"35765"
-54.5	-9.5	"35766"
-53.5	-9.5	"35767"
-52.5	-9.5	"35768"
-51.5	-9.5	"35769"
-50.5	-9.5	"35770"
-49.5	-9.5	"35771"
-48.5	-9.5	"35772"
-47.5	-9.5	"35773"
-46.5	-9.5	"35774"
-45.5	-9.5	"35775"
-44.5	-9.5	"35776"
-43.5	-9.5	"35777"
-42.5	-9.5	"35778"
-41.5	-9.5	"35779"
-40.5	-9.5	"35780"
-39.5	-9.5	"35781"
-38.5	-9.5	"35782"
-37.5	-9.5	"35783"
-36.5	-9.5	"35784"
-35.5	-9.5	"35785"
-78.5	-10.5	"36102"
-77.5	-10.5	"36103"
-76.5	-10.5	"36104"
-75.5	-10.5	"36105"
-74.5	-10.5	"36106"
-73.5	-10.5	"36107"
-72.5	-10.5	"36108"
-71.5	-10.5	"36109"
-70.5	-10.5	"36110"
-69.5	-10.5	"36111"
-68.5	-10.5	"36112"
-67.5	-10.5	"36113"
-66.5	-10.5	"36114"
-65.5	-10.5	"36115"
-64.5	-10.5	"36116"
-63.5	-10.5	"36117"
-62.5	-10.5	"36118"
-61.5	-10.5	"36119"
-60.5	-10.5	"36120"
-59.5	-10.5	"36121"
-58.5	-10.5	"36122"
-57.5	-10.5	"36123"
-56.5	-10.5	"36124"
-55.5	-10.5	"36125"
-54.5	-10.5	"36126"
-53.5	-10.5	"36127"
-52.5	-10.5	"36128"
-51.5	-10.5	"36129"
-50.5	-10.5	"36130"
-49.5	-10.5	"36131"
-48.5	-10.5	"36132"
-47.5	-10.5	"36133"
-46.5	-10.5	"36134"
-45.5	-10.5	"36135"
-44.5	-10.5	"36136"
-43.5	-10.5	"36137"
-42.5	-10.5	"36138"
-41.5	-10.5	"36139"
-40.5	-10.5	"36140"
-39.5	-10.5	"36141"
-38.5	-10.5	"36142"
-37.5	-10.5	"36143"
-36.5	-10.5	"36144"
-77.5	-11.5	"36463"
-76.5	-11.5	"36464"
-75.5	-11.5	"36465"
-74.5	-11.5	"36466"
-73.5	-11.5	"36467"
-72.5	-11.5	"36468"
-71.5	-11.5	"36469"
-70.5	-11.5	"36470"
-69.5	-11.5	"36471"
-68.5	-11.5	"36472"
-67.5	-11.5	"36473"
-66.5	-11.5	"36474"
-65.5	-11.5	"36475"
-64.5	-11.5	"36476"
-63.5	-11.5	"36477"
-62.5	-11.5	"36478"
-61.5	-11.5	"36479"
-60.5	-11.5	"36480"
-59.5	-11.5	"36481"
-58.5	-11.5	"36482"
-57.5	-11.5	"36483"
-56.5	-11.5	"36484"
-55.5	-11.5	"36485"
-54.5	-11.5	"36486"
-53.5	-11.5	"36487"
-52.5	-11.5	"36488"
-51.5	-11.5	"36489"
-50.5	-11.5	"36490"
-49.5	-11.5	"36491"
-48.5	-11.5	"36492"
-47.5	-11.5	"36493"
-46.5	-11.5	"36494"
-45.5	-11.5	"36495"
-44.5	-11.5	"36496"
-43.5	-11.5	"36497"
-42.5	-11.5	"36498"
-41.5	-11.5	"36499"
-40.5	-11.5	"36500"
-39.5	-11.5	"36501"
-38.5	-11.5	"36502"
-37.5	-11.5	"36503"
-77.5	-12.5	"36823"
-76.5	-12.5	"36824"
-75.5	-12.5	"36825"
-74.5	-12.5	"36826"
-73.5	-12.5	"36827"
-72.5	-12.5	"36828"
-71.5	-12.5	"36829"
-70.5	-12.5	"36830"
-69.5	-12.5	"36831"
-68.5	-12.5	"36832"
-67.5	-12.5	"36833"
-66.5	-12.5	"36834"
-65.5	-12.5	"36835"
-64.5	-12.5	"36836"
-63.5	-12.5	"36837"
-62.5	-12.5	"36838"
-61.5	-12.5	"36839"
-60.5	-12.5	"36840"
-59.5	-12.5	"36841"
-58.5	-12.5	"36842"
-57.5	-12.5	"36843"
-56.5	-12.5	"36844"
-55.5	-12.5	"36845"
-54.5	-12.5	"36846"
-53.5	-12.5	"36847"
-52.5	-12.5	"36848"
-51.5	-12.5	"36849"
-50.5	-12.5	"36850"
-49.5	-12.5	"36851"
-48.5	-12.5	"36852"
-47.5	-12.5	"36853"
-46.5	-12.5	"36854"
-45.5	-12.5	"36855"
-44.5	-12.5	"36856"
-43.5	-12.5	"36857"
-42.5	-12.5	"36858"
-41.5	-12.5	"36859"
-40.5	-12.5	"36860"
-39.5	-12.5	"36861"
-38.5	-12.5	"36862"
-37.5	-12.5	"36863"
-76.5	-13.5	"37184"
-75.5	-13.5	"37185"
-74.5	-13.5	"37186"
-73.5	-13.5	"37187"
-72.5	-13.5	"37188"
-71.5	-13.5	"37189"
-70.5	-13.5	"37190"
-69.5	-13.5	"37191"
-68.5	-13.5	"37192"
-67.5	-13.5	"37193"
-66.5	-13.5	"37194"
-65.5	-13.5	"37195"
-64.5	-13.5	"37196"
-63.5	-13.5	"37197"
-62.5	-13.5	"37198"
-61.5	-13.5	"37199"
-60.5	-13.5	"37200"
-59.5	-13.5	"37201"
-58.5	-13.5	"37202"
-57.5	-13.5	"37203"
-56.5	-13.5	"37204"
-55.5	-13.5	"37205"
-54.5	-13.5	"37206"
-53.5	-13.5	"37207"
-52.5	-13.5	"37208"
-51.5	-13.5	"37209"
-50.5	-13.5	"37210"
-49.5	-13.5	"37211"
-48.5	-13.5	"37212"
-47.5	-13.5	"37213"
-46.5	-13.5	"37214"
-45.5	-13.5	"37215"
-44.5	-13.5	"37216"
-43.5	-13.5	"37217"
-42.5	-13.5	"37218"
-41.5	-13.5	"37219"
-40.5	-13.5	"37220"
-39.5	-13.5	"37221"
-38.5	-13.5	"37222"
-76.5	-14.5	"37544"
-75.5	-14.5	"37545"
-74.5	-14.5	"37546"
-73.5	-14.5	"37547"
-72.5	-14.5	"37548"
-71.5	-14.5	"37549"
-70.5	-14.5	"37550"
-69.5	-14.5	"37551"
-68.5	-14.5	"37552"
-67.5	-14.5	"37553"
-66.5	-14.5	"37554"
-65.5	-14.5	"37555"
-64.5	-14.5	"37556"
-63.5	-14.5	"37557"
-62.5	-14.5	"37558"
-61.5	-14.5	"37559"
-60.5	-14.5	"37560"
-59.5	-14.5	"37561"
-58.5	-14.5	"37562"
-57.5	-14.5	"37563"
-56.5	-14.5	"37564"
-55.5	-14.5	"37565"
-54.5	-14.5	"37566"
-53.5	-14.5	"37567"
-52.5	-14.5	"37568"
-51.5	-14.5	"37569"
-50.5	-14.5	"37570"
-49.5	-14.5	"37571"
-48.5	-14.5	"37572"
-47.5	-14.5	"37573"
-46.5	-14.5	"37574"
-45.5	-14.5	"37575"
-44.5	-14.5	"37576"
-43.5	-14.5	"37577"
-42.5	-14.5	"37578"
-41.5	-14.5	"37579"
-40.5	-14.5	"37580"
-39.5	-14.5	"37581"
-38.5	-14.5	"37582"
-75.5	-15.5	"37905"
-74.5	-15.5	"37906"
-73.5	-15.5	"37907"
-72.5	-15.5	"37908"
-71.5	-15.5	"37909"
-70.5	-15.5	"37910"
-69.5	-15.5	"37911"
-68.5	-15.5	"37912"
-67.5	-15.5	"37913"
-66.5	-15.5	"37914"
-65.5	-15.5	"37915"
-64.5	-15.5	"37916"
-63.5	-15.5	"37917"
-62.5	-15.5	"37918"
-61.5	-15.5	"37919"
-60.5	-15.5	"37920"
-59.5	-15.5	"37921"
-58.5	-15.5	"37922"
-57.5	-15.5	"37923"
-56.5	-15.5	"37924"
-55.5	-15.5	"37925"
-54.5	-15.5	"37926"
-53.5	-15.5	"37927"
-52.5	-15.5	"37928"
-51.5	-15.5	"37929"
-50.5	-15.5	"37930"
-49.5	-15.5	"37931"
-48.5	-15.5	"37932"
-47.5	-15.5	"37933"
-46.5	-15.5	"37934"
-45.5	-15.5	"37935"
-44.5	-15.5	"37936"
-43.5	-15.5	"37937"
-42.5	-15.5	"37938"
-41.5	-15.5	"37939"
-40.5	-15.5	"37940"
-39.5	-15.5	"37941"
-38.5	-15.5	"37942"
-73.5	-16.5	"38267"
-72.5	-16.5	"38268"
-71.5	-16.5	"38269"
-70.5	-16.5	"38270"
-69.5	-16.5	"38271"
-68.5	-16.5	"38272"
-67.5	-16.5	"38273"
-66.5	-16.5	"38274"
-65.5	-16.5	"38275"
-64.5	-16.5	"38276"
-63.5	-16.5	"38277"
-62.5	-16.5	"38278"
-61.5	-16.5	"38279"
-60.5	-16.5	"38280"
-59.5	-16.5	"38281"
-58.5	-16.5	"38282"
-57.5	-16.5	"38283"
-56.5	-16.5	"38284"
-55.5	-16.5	"38285"
-54.5	-16.5	"38286"
-53.5	-16.5	"38287"
-52.5	-16.5	"38288"
-51.5	-16.5	"38289"
-50.5	-16.5	"38290"
-49.5	-16.5	"38291"
-48.5	-16.5	"38292"
-47.5	-16.5	"38293"
-46.5	-16.5	"38294"
-45.5	-16.5	"38295"
-44.5	-16.5	"38296"
-43.5	-16.5	"38297"
-42.5	-16.5	"38298"
-41.5	-16.5	"38299"
-40.5	-16.5	"38300"
-39.5	-16.5	"38301"
-38.5	-16.5	"38302"
-71.5	-17.5	"38629"
-70.5	-17.5	"38630"
-69.5	-17.5	"38631"
-68.5	-17.5	"38632"
-67.5	-17.5	"38633"
-66.5	-17.5	"38634"
-65.5	-17.5	"38635"
-64.5	-17.5	"38636"
-63.5	-17.5	"38637"
-62.5	-17.5	"38638"
-61.5	-17.5	"38639"
-60.5	-17.5	"38640"
-59.5	-17.5	"38641"
-58.5	-17.5	"38642"
-57.5	-17.5	"38643"
-56.5	-17.5	"38644"
-55.5	-17.5	"38645"
-54.5	-17.5	"38646"
-53.5	-17.5	"38647"
-52.5	-17.5	"38648"
-51.5	-17.5	"38649"
-50.5	-17.5	"38650"
-49.5	-17.5	"38651"
-48.5	-17.5	"38652"
-47.5	-17.5	"38653"
-46.5	-17.5	"38654"
-45.5	-17.5	"38655"
-44.5	-17.5	"38656"
-43.5	-17.5	"38657"
-42.5	-17.5	"38658"
-41.5	-17.5	"38659"
-40.5	-17.5	"38660"
-39.5	-17.5	"38661"
-70.5	-18.5	"38990"
-69.5	-18.5	"38991"
-68.5	-18.5	"38992"
-67.5	-18.5	"38993"
-66.5	-18.5	"38994"
-65.5	-18.5	"38995"
-64.5	-18.5	"38996"
-63.5	-18.5	"38997"
-62.5	-18.5	"38998"
-61.5	-18.5	"38999"
-60.5	-18.5	"39000"
-59.5	-18.5	"39001"
-58.5	-18.5	"39002"
-57.5	-18.5	"39003"
-56.5	-18.5	"39004"
-55.5	-18.5	"39005"
-54.5	-18.5	"39006"
-53.5	-18.5	"39007"
-52.5	-18.5	"39008"
-51.5	-18.5	"39009"
-50.5	-18.5	"39010"
-49.5	-18.5	"39011"
-48.5	-18.5	"39012"
-47.5	-18.5	"39013"
-46.5	-18.5	"39014"
-45.5	-18.5	"39015"
-44.5	-18.5	"39016"
-43.5	-18.5	"39017"
-42.5	-18.5	"39018"
-41.5	-18.5	"39019"
-40.5	-18.5	"39020"
-39.5	-18.5	"39021"
-70.5	-19.5	"39350"
-69.5	-19.5	"39351"
-68.5	-19.5	"39352"
-67.5	-19.5	"39353"
-66.5	-19.5	"39354"
-65.5	-19.5	"39355"
-64.5	-19.5	"39356"
-63.5	-19.5	"39357"
-62.5	-19.5	"39358"
-61.5	-19.5	"39359"
-60.5	-19.5	"39360"
-59.5	-19.5	"39361"
-58.5	-19.5	"39362"
-57.5	-19.5	"39363"
-56.5	-19.5	"39364"
-55.5	-19.5	"39365"
-54.5	-19.5	"39366"
-53.5	-19.5	"39367"
-52.5	-19.5	"39368"
-51.5	-19.5	"39369"
-50.5	-19.5	"39370"
-49.5	-19.5	"39371"
-48.5	-19.5	"39372"
-47.5	-19.5	"39373"
-46.5	-19.5	"39374"
-45.5	-19.5	"39375"
-44.5	-19.5	"39376"
-43.5	-19.5	"39377"
-42.5	-19.5	"39378"
-41.5	-19.5	"39379"
-40.5	-19.5	"39380"
-39.5	-19.5	"39381"
-68.5	-20.5	"39712"
-67.5	-20.5	"39713"
-66.5	-20.5	"39714"
-65.5	-20.5	"39715"
-64.5	-20.5	"39716"
-63.5	-20.5	"39717"
-62.5	-20.5	"39718"
-61.5	-20.5	"39719"
-60.5	-20.5	"39720"
-59.5	-20.5	"39721"
-58.5	-20.5	"39722"
-57.5	-20.5	"39723"
-56.5	-20.5	"39724"
-55.5	-20.5	"39725"
-54.5	-20.5	"39726"
-53.5	-20.5	"39727"
-52.5	-20.5	"39728"
-51.5	-20.5	"39729"
-50.5	-20.5	"39730"
-49.5	-20.5	"39731"
-48.5	-20.5	"39732"
-47.5	-20.5	"39733"
-46.5	-20.5	"39734"
-45.5	-20.5	"39735"
-44.5	-20.5	"39736"
-43.5	-20.5	"39737"
-42.5	-20.5	"39738"
-41.5	-20.5	"39739"
-40.5	-20.5	"39740"
-68.5	-21.5	"40072"
-67.5	-21.5	"40073"
-66.5	-21.5	"40074"
-65.5	-21.5	"40075"
-64.5	-21.5	"40076"
-63.5	-21.5	"40077"
-62.5	-21.5	"40078"
-61.5	-21.5	"40079"
-60.5	-21.5	"40080"
-59.5	-21.5	"40081"
-58.5	-21.5	"40082"
-57.5	-21.5	"40083"
-56.5	-21.5	"40084"
-55.5	-21.5	"40085"
-54.5	-21.5	"40086"
-53.5	-21.5	"40087"
-52.5	-21.5	"40088"
-51.5	-21.5	"40089"
-50.5	-21.5	"40090"
-49.5	-21.5	"40091"
-48.5	-21.5	"40092"
-47.5	-21.5	"40093"
-46.5	-21.5	"40094"
-45.5	-21.5	"40095"
-44.5	-21.5	"40096"
-43.5	-21.5	"40097"
-42.5	-21.5	"40098"
-41.5	-21.5	"40099"
-40.5	-21.5	"40100"
-68.5	-22.5	"40432"
-67.5	-22.5	"40433"
-66.5	-22.5	"40434"
-65.5	-22.5	"40435"
-64.5	-22.5	"40436"
-63.5	-22.5	"40437"
-62.5	-22.5	"40438"
-61.5	-22.5	"40439"
-60.5	-22.5	"40440"
-59.5	-22.5	"40441"
-58.5	-22.5	"40442"
-57.5	-22.5	"40443"
-56.5	-22.5	"40444"
-55.5	-22.5	"40445"
-54.5	-22.5	"40446"
-53.5	-22.5	"40447"
-52.5	-22.5	"40448"
-51.5	-22.5	"40449"
-50.5	-22.5	"40450"
-49.5	-22.5	"40451"
-48.5	-22.5	"40452"
-47.5	-22.5	"40453"
-46.5	-22.5	"40454"
-45.5	-22.5	"40455"
-44.5	-22.5	"40456"
-43.5	-22.5	"40457"
-42.5	-22.5	"40458"
-41.5	-22.5	"40459"
-68.5	-23.5	"40792"
-67.5	-23.5	"40793"
-66.5	-23.5	"40794"
-65.5	-23.5	"40795"
-64.5	-23.5	"40796"
-63.5	-23.5	"40797"
-62.5	-23.5	"40798"
-61.5	-23.5	"40799"
-60.5	-23.5	"40800"
-59.5	-23.5	"40801"
-58.5	-23.5	"40802"
-57.5	-23.5	"40803"
-56.5	-23.5	"40804"
-55.5	-23.5	"40805"
-54.5	-23.5	"40806"
-53.5	-23.5	"40807"
-52.5	-23.5	"40808"
-51.5	-23.5	"40809"
-50.5	-23.5	"40810"
-49.5	-23.5	"40811"
-48.5	-23.5	"40812"
-47.5	-23.5	"40813"
-46.5	-23.5	"40814"
-45.5	-23.5	"40815"
-44.5	-23.5	"40816"
-43.5	-23.5	"40817"
-68.5	-24.5	"41152"
-67.5	-24.5	"41153"
-66.5	-24.5	"41154"
-65.5	-24.5	"41155"
-64.5	-24.5	"41156"
-63.5	-24.5	"41157"
-62.5	-24.5	"41158"
-61.5	-24.5	"41159"
-60.5	-24.5	"41160"
-59.5	-24.5	"41161"
-58.5	-24.5	"41162"
-57.5	-24.5	"41163"
-56.5	-24.5	"41164"
-55.5	-24.5	"41165"
-54.5	-24.5	"41166"
-53.5	-24.5	"41167"
-52.5	-24.5	"41168"
-51.5	-24.5	"41169"
-50.5	-24.5	"41170"
-49.5	-24.5	"41171"
-48.5	-24.5	"41172"
-47.5	-24.5	"41173"
-46.5	-24.5	"41174"
-68.5	-25.5	"41512"
-67.5	-25.5	"41513"
-66.5	-25.5	"41514"
-65.5	-25.5	"41515"
-64.5	-25.5	"41516"
-63.5	-25.5	"41517"
-62.5	-25.5	"41518"
-61.5	-25.5	"41519"
-60.5	-25.5	"41520"
-59.5	-25.5	"41521"
-58.5	-25.5	"41522"
-57.5	-25.5	"41523"
-56.5	-25.5	"41524"
-55.5	-25.5	"41525"
-54.5	-25.5	"41526"
-53.5	-25.5	"41527"
-52.5	-25.5	"41528"
-51.5	-25.5	"41529"
-50.5	-25.5	"41530"
-49.5	-25.5	"41531"
-48.5	-25.5	"41532"
-47.5	-25.5	"41533"
-69.5	-26.5	"41871"
-67.5	-26.5	"41873"
-66.5	-26.5	"41874"
-65.5	-26.5	"41875"
-64.5	-26.5	"41876"
-63.5	-26.5	"41877"
-62.5	-26.5	"41878"
-61.5	-26.5	"41879"
-60.5	-26.5	"41880"
-59.5	-26.5	"41881"
-58.5	-26.5	"41882"
-57.5	-26.5	"41883"
-56.5	-26.5	"41884"
-55.5	-26.5	"41885"
-54.5	-26.5	"41886"
-53.5	-26.5	"41887"
-52.5	-26.5	"41888"
-51.5	-26.5	"41889"
-50.5	-26.5	"41890"
-49.5	-26.5	"41891"
-48.5	-26.5	"41892"
-69.5	-27.5	"42231"
-68.5	-27.5	"42232"
-67.5	-27.5	"42233"
-66.5	-27.5	"42234"
-65.5	-27.5	"42235"
-64.5	-27.5	"42236"
-63.5	-27.5	"42237"
-62.5	-27.5	"42238"
-61.5	-27.5	"42239"
-60.5	-27.5	"42240"
-59.5	-27.5	"42241"
-58.5	-27.5	"42242"
-57.5	-27.5	"42243"
-56.5	-27.5	"42244"
-55.5	-27.5	"42245"
-54.5	-27.5	"42246"
-53.5	-27.5	"42247"
-52.5	-27.5	"42248"
-51.5	-27.5	"42249"
-50.5	-27.5	"42250"
-49.5	-27.5	"42251"
-48.5	-27.5	"42252"
-71.5	-28.5	"42589"
-70.5	-28.5	"42590"
-69.5	-28.5	"42591"
-68.5	-28.5	"42592"
-67.5	-28.5	"42593"
-66.5	-28.5	"42594"
-65.5	-28.5	"42595"
-64.5	-28.5	"42596"
-63.5	-28.5	"42597"
-62.5	-28.5	"42598"
-61.5	-28.5	"42599"
-60.5	-28.5	"42600"
-59.5	-28.5	"42601"
-58.5	-28.5	"42602"
-57.5	-28.5	"42603"
-56.5	-28.5	"42604"
-55.5	-28.5	"42605"
-54.5	-28.5	"42606"
-53.5	-28.5	"42607"
-52.5	-28.5	"42608"
-51.5	-28.5	"42609"
-50.5	-28.5	"42610"
-49.5	-28.5	"42611"
-48.5	-28.5	"42612"
-71.5	-29.5	"42949"
-70.5	-29.5	"42950"
-69.5	-29.5	"42951"
-68.5	-29.5	"42952"
-67.5	-29.5	"42953"
-66.5	-29.5	"42954"
-65.5	-29.5	"42955"
-64.5	-29.5	"42956"
-63.5	-29.5	"42957"
-62.5	-29.5	"42958"
-61.5	-29.5	"42959"
-60.5	-29.5	"42960"
-59.5	-29.5	"42961"
-58.5	-29.5	"42962"
-57.5	-29.5	"42963"
-56.5	-29.5	"42964"
-55.5	-29.5	"42965"
-54.5	-29.5	"42966"
-53.5	-29.5	"42967"
-52.5	-29.5	"42968"
-51.5	-29.5	"42969"
-50.5	-29.5	"42970"
-49.5	-29.5	"42971"
-71.5	-30.5	"43309"
-70.5	-30.5	"43310"
-69.5	-30.5	"43311"
-68.5	-30.5	"43312"
-67.5	-30.5	"43313"
-66.5	-30.5	"43314"
-65.5	-30.5	"43315"
-64.5	-30.5	"43316"
-63.5	-30.5	"43317"
-62.5	-30.5	"43318"
-61.5	-30.5	"43319"
-60.5	-30.5	"43320"
-59.5	-30.5	"43321"
-58.5	-30.5	"43322"
-57.5	-30.5	"43323"
-56.5	-30.5	"43324"
-55.5	-30.5	"43325"
-54.5	-30.5	"43326"
-53.5	-30.5	"43327"
-52.5	-30.5	"43328"
-51.5	-30.5	"43329"
-50.5	-30.5	"43330"
-71.5	-31.5	"43669"
-70.5	-31.5	"43670"
-69.5	-31.5	"43671"
-68.5	-31.5	"43672"
-67.5	-31.5	"43673"
-66.5	-31.5	"43674"
-65.5	-31.5	"43675"
-64.5	-31.5	"43676"
-63.5	-31.5	"43677"
-62.5	-31.5	"43678"
-61.5	-31.5	"43679"
-60.5	-31.5	"43680"
-59.5	-31.5	"43681"
-58.5	-31.5	"43682"
-57.5	-31.5	"43683"
-56.5	-31.5	"43684"
-55.5	-31.5	"43685"
-54.5	-31.5	"43686"
-53.5	-31.5	"43687"
-52.5	-31.5	"43688"
-51.5	-31.5	"43689"
-50.5	-31.5	"43690"
-71.5	-32.5	"44029"
-70.5	-32.5	"44030"
-69.5	-32.5	"44031"
-68.5	-32.5	"44032"
-67.5	-32.5	"44033"
-66.5	-32.5	"44034"
-65.5	-32.5	"44035"
-64.5	-32.5	"44036"
-63.5	-32.5	"44037"
-62.5	-32.5	"44038"
-61.5	-32.5	"44039"
-60.5	-32.5	"44040"
-59.5	-32.5	"44041"
-58.5	-32.5	"44042"
-57.5	-32.5	"44043"
-56.5	-32.5	"44044"
-55.5	-32.5	"44045"
-54.5	-32.5	"44046"
-53.5	-32.5	"44047"
-52.5	-32.5	"44048"
-71.5	-33.5	"44389"
-70.5	-33.5	"44390"
-69.5	-33.5	"44391"
-68.5	-33.5	"44392"
-67.5	-33.5	"44393"
-66.5	-33.5	"44394"
-65.5	-33.5	"44395"
-64.5	-33.5	"44396"
-63.5	-33.5	"44397"
-62.5	-33.5	"44398"
-61.5	-33.5	"44399"
-60.5	-33.5	"44400"
-59.5	-33.5	"44401"
-58.5	-33.5	"44402"
-57.5	-33.5	"44403"
-56.5	-33.5	"44404"
-55.5	-33.5	"44405"
-54.5	-33.5	"44406"
-53.5	-33.5	"44407"
-52.5	-33.5	"44408"
-72.5	-34.5	"44748"
-71.5	-34.5	"44749"
-70.5	-34.5	"44750"
-69.5	-34.5	"44751"
-68.5	-34.5	"44752"
-67.5	-34.5	"44753"
-66.5	-34.5	"44754"
-65.5	-34.5	"44755"
-64.5	-34.5	"44756"
-63.5	-34.5	"44757"
-62.5	-34.5	"44758"
-61.5	-34.5	"44759"
-60.5	-34.5	"44760"
-59.5	-34.5	"44761"
-58.5	-34.5	"44762"
-57.5	-34.5	"44763"
-56.5	-34.5	"44764"
-55.5	-34.5	"44765"
-54.5	-34.5	"44766"
-53.5	-34.5	"44767"
-72.5	-35.5	"45108"
-71.5	-35.5	"45109"
-70.5	-35.5	"45110"
-69.5	-35.5	"45111"
-68.5	-35.5	"45112"
-67.5	-35.5	"45113"
-66.5	-35.5	"45114"
-65.5	-35.5	"45115"
-64.5	-35.5	"45116"
-63.5	-35.5	"45117"
-62.5	-35.5	"45118"
-61.5	-35.5	"45119"
-60.5	-35.5	"45120"
-59.5	-35.5	"45121"
-58.5	-35.5	"45122"
-57.5	-35.5	"45123"
-73.5	-36.5	"45467"
-72.5	-36.5	"45468"
-71.5	-36.5	"45469"
-70.5	-36.5	"45470"
-69.5	-36.5	"45471"
-68.5	-36.5	"45472"
-67.5	-36.5	"45473"
-66.5	-36.5	"45474"
-65.5	-36.5	"45475"
-64.5	-36.5	"45476"
-63.5	-36.5	"45477"
-62.5	-36.5	"45478"
-61.5	-36.5	"45479"
-60.5	-36.5	"45480"
-59.5	-36.5	"45481"
-58.5	-36.5	"45482"
-57.5	-36.5	"45483"
-56.5	-36.5	"45484"
-73.5	-37.5	"45827"
-72.5	-37.5	"45828"
-71.5	-37.5	"45829"
-70.5	-37.5	"45830"
-69.5	-37.5	"45831"
-68.5	-37.5	"45832"
-67.5	-37.5	"45833"
-66.5	-37.5	"45834"
-65.5	-37.5	"45835"
-64.5	-37.5	"45836"
-63.5	-37.5	"45837"
-62.5	-37.5	"45838"
-61.5	-37.5	"45839"
-60.5	-37.5	"45840"
-59.5	-37.5	"45841"
-58.5	-37.5	"45842"
-57.5	-37.5	"45843"
-56.5	-37.5	"45844"
-73.5	-38.5	"46187"
-72.5	-38.5	"46188"
-71.5	-38.5	"46189"
-70.5	-38.5	"46190"
-69.5	-38.5	"46191"
-68.5	-38.5	"46192"
-67.5	-38.5	"46193"
-66.5	-38.5	"46194"
-65.5	-38.5	"46195"
-64.5	-38.5	"46196"
-63.5	-38.5	"46197"
-62.5	-38.5	"46198"
-61.5	-38.5	"46199"
-60.5	-38.5	"46200"
-59.5	-38.5	"46201"
-58.5	-38.5	"46202"
-57.5	-38.5	"46203"
-73.5	-39.5	"46547"
-72.5	-39.5	"46548"
-71.5	-39.5	"46549"
-70.5	-39.5	"46550"
-69.5	-39.5	"46551"
-68.5	-39.5	"46552"
-67.5	-39.5	"46553"
-66.5	-39.5	"46554"
-65.5	-39.5	"46555"
-64.5	-39.5	"46556"
-63.5	-39.5	"46557"
-62.5	-39.5	"46558"
-73.5	-40.5	"46907"
-72.5	-40.5	"46908"
-71.5	-40.5	"46909"
-70.5	-40.5	"46910"
-69.5	-40.5	"46911"
-68.5	-40.5	"46912"
-67.5	-40.5	"46913"
-66.5	-40.5	"46914"
-65.5	-40.5	"46915"
-64.5	-40.5	"46916"
-63.5	-40.5	"46917"
-62.5	-40.5	"46918"
-73.5	-41.5	"47267"
-72.5	-41.5	"47268"
-71.5	-41.5	"47269"
-70.5	-41.5	"47270"
-69.5	-41.5	"47271"
-68.5	-41.5	"47272"
-67.5	-41.5	"47273"
-66.5	-41.5	"47274"
-65.5	-41.5	"47275"
-64.5	-41.5	"47276"
-63.5	-41.5	"47277"
-62.5	-41.5	"47278"
-72.5	-42.5	"47628"
-71.5	-42.5	"47629"
-70.5	-42.5	"47630"
-69.5	-42.5	"47631"
-68.5	-42.5	"47632"
-67.5	-42.5	"47633"
-66.5	-42.5	"47634"
-65.5	-42.5	"47635"
-64.5	-42.5	"47636"
-63.5	-42.5	"47637"
-72.5	-43.5	"47988"
-71.5	-43.5	"47989"
-70.5	-43.5	"47990"
-69.5	-43.5	"47991"
-68.5	-43.5	"47992"
-67.5	-43.5	"47993"
-66.5	-43.5	"47994"
-65.5	-43.5	"47995"
-64.5	-43.5	"47996"
-72.5	-44.5	"48348"
-71.5	-44.5	"48349"
-70.5	-44.5	"48350"
-69.5	-44.5	"48351"
-68.5	-44.5	"48352"
-67.5	-44.5	"48353"
-66.5	-44.5	"48354"
-65.5	-44.5	"48355"
-74.5	-45.5	"48706"
-73.5	-45.5	"48707"
-72.5	-45.5	"48708"
-71.5	-45.5	"48709"
-70.5	-45.5	"48710"
-69.5	-45.5	"48711"
-68.5	-45.5	"48712"
-67.5	-45.5	"48713"
-66.5	-45.5	"48714"
-65.5	-45.5	"48715"
-75.5	-46.5	"49065"
-74.5	-46.5	"49066"
-73.5	-46.5	"49067"
-72.5	-46.5	"49068"
-71.5	-46.5	"49069"
-70.5	-46.5	"49070"
-69.5	-46.5	"49071"
-68.5	-46.5	"49072"
-67.5	-46.5	"49073"
-74.5	-47.5	"49426"
-73.5	-47.5	"49427"
-72.5	-47.5	"49428"
-71.5	-47.5	"49429"
-70.5	-47.5	"49430"
-69.5	-47.5	"49431"
-68.5	-47.5	"49432"
-67.5	-47.5	"49433"
-66.5	-47.5	"49434"
-65.5	-47.5	"49435"
-74.5	-48.5	"49786"
-73.5	-48.5	"49787"
-72.5	-48.5	"49788"
-71.5	-48.5	"49789"
-70.5	-48.5	"49790"
-69.5	-48.5	"49791"
-68.5	-48.5	"49792"
-67.5	-48.5	"49793"
-66.5	-48.5	"49794"
-73.5	-49.5	"50147"
-72.5	-49.5	"50148"
-71.5	-49.5	"50149"
-70.5	-49.5	"50150"
-74.5	-50.5	"50506"
-73.5	-50.5	"50507"
-72.5	-50.5	"50508"
-71.5	-50.5	"50509"
-73.5	-51.5	"50867"
-72.5	-51.5	"50868"
-71.5	-51.5	"50869"
-70.5	-51.5	"50870"
-69.5	-51.5	"50871"
-68.5	-51.5	"50872"
-73.5	-52.5	"51227"
-72.5	-52.5	"51228"
-71.5	-52.5	"51229"
-70.5	-52.5	"51230"
-72.5	-53.5	"51588"
-71.5	-53.5	"51589"
